자치구,행정동,상권코드,상권명,상권분류,면적(㎡)
용산구,이태원 1 동,3001491.0,이태원 관광특구,관광특구,372565.0
중구,소공동,3001492.0,"명동 남대문 북창동 다동
무교동 관광특구",관광특구,983618.0
중구,광희동,3001493.0,동대문패션타운 관광특구,관광특구,606058.0
종로구,종로 1·2·3·4 가동,3001494.0,종로·청계 관광특구,관광특구,653127.0
송파구,오륜동,3001495.0,잠실 관광특구,관광특구,2462734.0
강남구,삼성 1 동,3001496.0,강남 마이스 관광특구,관광특구,237892.0
종로구,평창동,3110001.0,이북 5 도청사,골목상권,108529.0
종로구,무악동,3110002.0,독립문역 1 번,골목상권,31531.0
종로구,부암동,3110003.0,세검정초등학교,골목상권,191570.0
종로구,무악동,3110004.0,대신고등학교,골목상권,18781.0
종로구,부암동,3110005.0,세검정,골목상권,244923.0
종로구,부암동,3110006.0,부암동주민센터,골목상권,91486.0
종로구,사직동,3110007.0,사직공원 (한국사회과학도서관),골목상권,80252.0
종로구,청운효자동,3110008.0,"배화여자대학교
(박노수미술관)",골목상권,149264.0
종로구,부암동,3110009.0,자하문터널,골목상권,178306.0
종로구,평창동,3110010.0,평창동서측,골목상권,369415.0
종로구,청운효자동,3110011.0,청운초등학교,골목상권,26913.0
종로구,사직동,3110012.0,성곡미술관,골목상권,124348.0
종로구,사직동,3110013.0,체부동홍종문가옥,골목상권,17064.0
종로구,청운효자동,3110014.0,경복고등학교,골목상권,63411.0
종로구,청운효자동,3110015.0,청와대사랑채,골목상권,69399.0
종로구,평창동,3110016.0,평창동동측,골목상권,522818.0
종로구,가회동,3110017.0,정독도서관,골목상권,83855.0
종로구,가회동,3110018.0,중앙고등학교,골목상권,166872.0
종로구,종로 1·2·3·4 가동,3110019.0,창덕궁,골목상권,40999.0
종로구,혜화동,3110020.0,서울국제고등학교,골목상권,133692.0
종로구,혜화동,3110021.0,성균관대학교,골목상권,77655.0
종로구,혜화동,3110022.0,경신고등학교,골목상권,60182.0
종로구,이화동,3110023.0,서울대병원,골목상권,15969.0
종로구,혜화동,3110024.0,혜회동주민센터,골목상권,52850.0
종로구,종로 5·6 가동,3110025.0,충신시장옆,골목상권,39184.0
종로구,종로 5·6 가동,3110026.0,종로 5 가역 4 번,골목상권,16485.0
종로구,이화동,3110027.0,혜화역 1 번,골목상권,117673.0
종로구,이화동,3110028.0,이화달팽이길,골목상권,159124.0
종로구,창신 2 동,3110029.0,동대문역 1 번,골목상권,153230.0
종로구,창신 1 동,3110030.0,동대문역 3 번,골목상권,9161.0
종로구,창신 3 동,3110031.0,창신역 1 번,골목상권,32878.0
종로구,창신 1 동,3110032.0,수족관거리,골목상권,9323.0
종로구,숭인 1 동,3110033.0,창신역 4 번,골목상권,77869.0
종로구,창신 1 동,3110034.0,창신 1 동주민센터,골목상권,29604.0
종로구,숭인 2 동,3110035.0,동묘앞역 2 번,골목상권,95779.0
종로구,숭인 2 동,3110036.0,동묘앞역 3 번,골목상권,18431.0
종로구,숭인 2 동,3110037.0,신설동역 12 번,골목상권,55232.0
중구,소공동,3110038.0,경향신문사,골목상권,36893.0
중구,회현동,3110039.0,회현역 1 번,골목상권,9928.0
중구,회현동,3110040.0,"중구회현체육센터
(정화예술대남산캠퍼스)",골목상권,76242.0
중구,명동,3110041.0,남산케이블카,골목상권,130560.0
중구,필동,3110042.0,남산골공원옆,골목상권,72607.0
중구,장충동,3110043.0,충무초등학교,골목상권,110058.0
중구,장충동,3110044.0,관성묘,골목상권,29575.0
중구,장충동,3110045.0,동대문역사문화공원역 5 번,골목상권,44820.0
중구,다산동,3110046.0,버티고개,골목상권,58013.0
중구,다산동,3110047.0,다산성곽길,골목상권,85386.0
중구,장충동,3110048.0,장충동주민센터,골목상권,135606.0
중구,다산동,3110049.0,장충단 고개,골목상권,70693.0
중구,약수동,3110050.0,약수역 7 번,골목상권,34553.0
중구,신당동,3110051.0,한양공고앞 교차로,골목상권,44893.0
중구,다산동,3110052.0,장충초등학교,골목상권,68893.0
중구,신당동,3110053.0,청구역 1 번,골목상권,85550.0
중구,청구동,3110054.0,청구역 3 번,골목상권,69155.0
중구,황학동,3110055.0,황학동벼룩시장,골목상권,27575.0
중구,신당 5 동,3110056.0,신당역 3 번,골목상권,129607.0
중구,황학동,3110057.0,황학코아루아파트,골목상권,30230.0
용산구,원효로 2 동,3110058.0,성심여자고등학교,골목상권,135620.0
용산구,이촌 2 동,3110059.0,새남터성지,골목상권,56970.0
용산구,용문동,3110060.0,효창공원앞역 6 번,골목상권,94719.0
용산구,효창동,3110061.0,효창동주민센터,골목상권,100249.0
용산구,한강로동,3110062.0,"한강로동땡땡거리
(은행나무길)",골목상권,132684.0
용산구,용문동,3110063.0,효창공원앞역 5 번,골목상권,110329.0
용산구,효창동,3110064.0,효창공원앞역 2 번,골목상권,131550.0
용산구,원효로 1 동,3110065.0,남정초등학교,골목상권,18065.0
용산구,청파동,3110066.0,서울역 15 번,골목상권,133737.0
용산구,청파동,3110067.0,배문고등학교,골목상권,204936.0
용산구,원효로 1 동,3110068.0,남영역 1 번,골목상권,145312.0
용산구,청파동,3110069.0,숙대입구,골목상권,173542.0
용산구,한강로동,3110070.0,용산세무서,골목상권,8437.0
용산구,이촌 1 동,3110071.0,한강미주맨션아파트,골목상권,27783.0
용산구,원효로 1 동,3110072.0,열정도,골목상권,18090.0
용산구,한강로동,3110073.0,삼각지역 3 번,골목상권,41421.0
용산구,남영동,3110074.0,서울역 12 번,골목상권,105922.0
용산구,남영동,3110075.0,숙대입구역 1 번,골목상권,128905.0
용산구,한강로동,3110076.0,삼각지역 14 번,골목상권,8989.0
용산구,후암동,3110077.0,삼광초등학교,골목상권,45797.0
용산구,이촌 1 동,3110078.0,이촌동점보아파트,골목상권,14864.0
용산구,후암동,3110079.0,후암동주민센터,골목상권,293041.0
용산구,후암동,3110080.0,해방촌예술마을,골목상권,134562.0
용산구,용산 2 가동,3110081.0,해방촌 남동측,골목상권,105010.0
용산구,이태원 1 동,3110082.0,용산구청,골목상권,71140.0
용산구,서빙고동,3110083.0,서빙고역 1 번,골목상권,58652.0
용산구,이태원 2 동,3110084.0,경리단길북측,골목상권,225725.0
용산구,이태원 2 동,3110085.0,경리단길남측,골목상권,181830.0
용산구,이태원 1 동,3110086.0,이태원역 북측,골목상권,133757.0
용산구,이태원 1 동,3110087.0,이태원엔틱가구거리,골목상권,52542.0
용산구,서빙고동,3110088.0,오산고등학교,골목상권,96560.0
용산구,서빙고동,3110089.0,서빙고동주민센터,골목상권,105979.0
용산구,보광동,3110090.0,한국폴리텍대학서울정수캠퍼스,골목상권,97059.0
용산구,한남동,3110091.0,리움미술관,골목상권,55141.0
용산구,보광동,3110092.0,NH 농협은행 보광동지점,골목상권,105153.0
용산구,한남동,3110093.0,우사단길,골목상권,234768.0
용산구,보광동,3110094.0,오산중학교,골목상권,21603.0
용산구,한남동,3110095.0,한강진역 3 번,골목상권,149192.0
용산구,한남동,3110096.0,한남힐사이드아파트,골목상권,50068.0
용산구,한남동,3110097.0,한남초등학교,골목상권,7814.0
용산구,한남동,3110098.0,서울독일학교,골목상권,41414.0
용산구,한남동,3110099.0,유엔빌리지길,골목상권,263187.0
성동구,옥수동,3110100.0,옥수동우편취급국,골목상권,26060.0
성동구,옥수동,3110101.0,옥정중학교,골목상권,23818.0
성동구,옥수동,3110102.0,옥수역 6 번,골목상권,34682.0
성동구,금호 4 가동,3110103.0,옥수터널,골목상권,19057.0
성동구,금호 2·3 가동,3110104.0,신금호역 4 번,골목상권,66838.0
성동구,금호 2·3 가동,3110105.0,금동어린이공원,골목상권,69009.0
성동구,금호 1 가동,3110106.0,금북초등학교,골목상권,21366.0
성동구,금호 4 가동,3110107.0,금호사거리,골목상권,22191.0
성동구,금호 1 가동,3110108.0,성동구립금호도서관,골목상권,11778.0
성동구,금호 1 가동,3110109.0,금호삼성래미안아파트,골목상권,29788.0
성동구,왕십리 2 동,3110110.0,상왕십리역 6 번,골목상권,51942.0
성동구,응봉동,3110111.0,대현산장미원,골목상권,19485.0
성동구,행당 1 동,3110112.0,행당역 2 번,골목상권,68591.0
성동구,응봉동,3110113.0,응봉산,골목상권,89115.0
성동구,왕십리도선동,3110114.0,왕십리파출소,골목상권,27058.0
성동구,왕십리도선동,3110115.0,상왕십리역 3 번,골목상권,80878.0
성동구,마장동,3110116.0,청계천박물관,골목상권,98083.0
성동구,마장동,3110117.0,성동구보건소,골목상권,49735.0
성동구,행당 1 동,3110118.0,왕십리역 9 번,골목상권,63575.0
성동구,마장동,3110119.0,마장지하차도,골목상권,22524.0
성동구,성수 1 가 2 동,3110120.0,서울숲카페거리,골목상권,34852.0
성동구,사근동,3110121.0,한양대역 4 번,골목상권,29267.0
성동구,마장동,3110122.0,마장역 2 번,골목상권,80335.0
성동구,마장동,3110123.0,마장역 3 번,골목상권,169553.0
성동구,성수 1 가 2 동,3110124.0,뚝섬역교차로,골목상권,79596.0
성동구,사근동,3110125.0,사근동살곶이상점가,골목상권,128923.0
성동구,성수 1 가 1 동,3110126.0,서울숲역 1 번,골목상권,18531.0
성동구,성수 1 가 1 동,3110127.0,성수 1 가 1 동주민센터,골목상권,38774.0
성동구,성수 1 가 1 동,3110128.0,성원중학교,골목상권,247340.0
성동구,성수 1 가 2 동,3110129.0,성원어린이공원,골목상권,70693.0
성동구,용답동,3110130.0,답십리역 6 번,골목상권,43065.0
성동구,성수 2 가 1 동,3110131.0,성수동카페거리,골목상권,131865.0
성동구,성수 2 가 3 동,3110132.0,성수 2 가 3 동주민센터,골목상권,76450.0
성동구,용답동,3110133.0,서울교통공사,골목상권,80187.0
성동구,성수 2 가 1 동,3110134.0,성수 119 안전센터,골목상권,222826.0
성동구,송정동,3110135.0,성동세무서,골목상권,136762.0
성동구,성수 2 가 1 동,3110136.0,경수초등학교,골목상권,260628.0
성동구,성수 2 가 3 동,3110137.0,성수초등학교,골목상권,330983.0
성동구,송정동,3110138.0,송정체육공원,골목상권,102074.0
광진구,자양 4 동,3110139.0,자양 4 동주민센터,골목상권,155861.0
광진구,자양 4 동,3110140.0,건대입구역 6 번,골목상권,179746.0
광진구,화양동,3110141.0,건대입구역 1 번,골목상권,67458.0
광진구,화양동,3110142.0,화양사거리,골목상권,116892.0
광진구,자양 3 동,3110143.0,뚝섬유원지역 1 번,골목상권,8061.0
광진구,화양동,3110144.0,어린이대공원역 4 번,골목상권,42830.0
광진구,군자동,3110145.0,장안초등학교,골목상권,14956.0
광진구,자양 3 동,3110146.0,신자초등학교,골목상권,106885.0
광진구,군자동,3110147.0,능동우편취급국,골목상권,157029.0
광진구,화양동,3110148.0,어린이대공원역 3 번,골목상권,45757.0
광진구,군자동,3110149.0,세종대학교,골목상권,45957.0
광진구,중곡 1 동,3110150.0,중곡 1 동 마을마당,골목상권,159510.0
광진구,자양 2 동,3110151.0,자양한강도서관,골목상권,107574.0
광진구,중곡 1 동,3110152.0,중곡어린이공원,골목상권,50806.0
광진구,중곡 1 동,3110153.0,중곡 1 동주민센터,골목상권,50068.0
광진구,자양 1 동,3110154.0,광진정말공원,골목상권,102102.0
광진구,자양 1 동,3110155.0,광진구청,골목상권,97314.0
광진구,능동,3110156.0,군자역 5 번,골목상권,153696.0
광진구,자양 2 동,3110157.0,자양동우체국,골목상권,115158.0
광진구,중곡 3 동,3110158.0,중곡 3 동주민센터,골목상권,166799.0
광진구,자양 1 동,3110159.0,구의역 4 번,골목상권,210895.0
광진구,구의 1 동,3110160.0,광진경찰서,골목상권,47848.0
광진구,중곡 3 동,3110161.0,중곡역 3 번,골목상권,141901.0
광진구,중곡 2 동,3110162.0,군자역 4 번,골목상권,70945.0
광진구,자양 2 동,3110163.0,성자초등학교,골목상권,66483.0
광진구,능동,3110164.0,아차산역 5 번,골목상권,85050.0
광진구,중곡 2 동,3110165.0,국립정신건강센터,골목상권,95687.0
광진구,구의 1 동,3110166.0,구의 1 동주민센터,골목상권,131620.0
광진구,중곡 2 동,3110167.0,용마초등학교,골목상권,154354.0
광진구,중곡 4 동,3110168.0,대원고등학교,골목상권,58514.0
광진구,자양 2 동,3110169.0,성동초등학교,골목상권,75500.0
광진구,구의 1 동,3110170.0,동대부여고,골목상권,120727.0
광진구,중곡 4 동,3110171.0,중곡 4 동주민센터,골목상권,47879.0
광진구,구의 2 동,3110172.0,광진초등학교,골목상권,95499.0
광진구,구의 3 동,3110173.0,구남초등학교,골목상권,49267.0
광진구,중곡 4 동,3110174.0,아차산역 1 번,골목상권,103458.0
광진구,구의 3 동,3110175.0,푸른동산공원,골목상권,96115.0
광진구,중곡 4 동,3110176.0,해오름공원,골목상권,135318.0
광진구,구의 2 동,3110177.0,동의초등학교,골목상권,29079.0
광진구,광장동,3110178.0,장로회신학대학교,골목상권,45933.0
광진구,광장동,3110179.0,광나루역 1 번,골목상권,42085.0
광진구,광장동,3110180.0,광진정보도서관,골목상권,74699.0
동대문구,용신동,3110181.0,신설동역 9 번,골목상권,141747.0
동대문구,용신동,3110182.0,용두희망어린이공원,골목상권,59118.0
동대문구,용신동,3110183.0,한국의류시험연구원,골목상권,43441.0
동대문구,용신동,3110184.0,용두사거리,골목상권,24379.0
동대문구,용신동,3110185.0,용두초등학교,골목상권,28847.0
동대문구,제기동,3110186.0,종암초등학교,골목상권,22890.0
동대문구,용신동,3110187.0,제기동역 6 번,골목상권,159981.0
동대문구,용신동,3110188.0,용두동신동아아파트,골목상권,152517.0
동대문구,제기동,3110189.0,제기동역 1 번,골목상권,88499.0
동대문구,제기동,3110190.0,고대앞사거리,골목상권,101416.0
동대문구,제기동,3110191.0,고려대역 6 번,골목상권,79173.0
동대문구,용신동,3110192.0,동의보감타워,골목상권,33231.0
동대문구,제기동,3110193.0,고려대역 4 번,골목상권,67780.0
동대문구,제기동,3110194.0,홍파초등학교,골목상권,87946.0
동대문구,용신동,3110195.0,동대문구청,골목상권,115383.0
동대문구,청량리동,3110196.0,홍릉근린공원,골목상권,37314.0
동대문구,청량리동,3110197.0,세종대왕기념관교차로,골목상권,24771.0
동대문구,제기동,3110198.0,"동대문중앙
새마을금고본점",골목상권,16140.0
동대문구,제기동,3110199.0,홍릉시장,골목상권,69877.0
동대문구,청량리동,3110200.0,동대문경찰서,골목상권,35357.0
동대문구,전농 1 동,3110201.0,전농 119 안전센터,골목상권,24149.0
동대문구,전농 1 동,3110202.0,"전농 1 동주민센터
(전농시장)",골목상권,29821.0
동대문구,청량리동,3110203.0,떡전교사거리,골목상권,46180.0
동대문구,답십리 1 동,3110204.0,간데메공원,골목상권,122554.0
동대문구,회기동,3110205.0,경희대삼거리,골목상권,88816.0
동대문구,전농 1 동,3110206.0,텃골근린공원,골목상권,100623.0
동대문구,전농 1 동,3110207.0,시립대앞사거리,골목상권,29327.0
동대문구,회기동,3110208.0,시조사삼거리,골목상권,42223.0
동대문구,답십리 1 동,3110209.0,답십리 장령당공원,골목상권,27972.0
동대문구,전농 1 동,3110210.0,서울시립대,골목상권,110970.0
동대문구,전농 1 동,3110211.0,전곡마을마당공원,골목상권,126403.0
동대문구,답십리 1 동,3110212.0,답십리초등학교,골목상권,80982.0
동대문구,이문 1 동,3110213.0,청량초등학교,골목상권,35455.0
동대문구,이문 1 동,3110214.0,경희대후문,골목상권,79862.0
동대문구,휘경 1 동,3110215.0,회기역 1 번,골목상권,51478.0
동대문구,전농 2 동,3110216.0,전농중학교,골목상권,65069.0
동대문구,답십리 2 동,3110217.0,자동차부품상가,골목상권,56649.0
동대문구,답십리 2 동,3110218.0,답십리사거리,골목상권,82160.0
동대문구,휘경 2 동,3110219.0,삼육보건대학교,골목상권,179445.0
동대문구,이문 1 동,3110220.0,외대앞역 1 번,골목상권,98625.0
성북구,석관동,3110221.0,의릉,골목상권,47130.0
동대문구,휘경 1 동,3110222.0,회기역 2 번,골목상권,10334.0
동대문구,장안 1 동,3110223.0,군자초등학교,골목상권,43581.0
동대문구,휘경 1 동,3110224.0,외대앞역 2 번,골목상권,45770.0
동대문구,답십리 2 동,3110225.0,촬영소사거리,골목상권,54806.0
동대문구,장안 1 동,3110226.0,장안 1 동주민센터,골목상권,285861.0
동대문구,답십리 2 동,3110227.0,답십리공원,골목상권,55458.0
동대문구,장안 2 동,3110228.0,장안근린공원,골목상권,177937.0
동대문구,장안 1 동,3110229.0,장평중학교,골목상권,205648.0
동대문구,장안 2 동,3110230.0,장안현대홈타운 1 차아파트,골목상권,79796.0
동대문구,장안 2 동,3110231.0,장안교,골목상권,8256.0
동대문구,장안 2 동,3110232.0,동대부고,골목상권,104535.0
중랑구,중화 2 동,3110233.0,중랑역 1 번,골목상권,124330.0
중랑구,중화 2 동,3110234.0,중랑역 4 번,골목상권,58421.0
중랑구,중화 2 동,3110235.0,세화어린이공원,골목상권,32631.0
중랑구,묵 2 동,3110236.0,신묵초등학교,골목상권,180650.0
중랑구,면목 2 동,3110237.0,메가박스 상봉,골목상권,124410.0
중랑구,중화 2 동,3110238.0,배꽃어린이공원,골목상권,29174.0
중랑구,중화 2 동,3110239.0,중랑역 2 번,골목상권,10368.0
중랑구,중화 2 동,3110240.0,태릉시장 특화거리,골목상권,45536.0
중랑구,묵 2 동,3110241.0,먹골역 5 번,골목상권,99076.0
중랑구,면목 5 동,3110242.0,면목 5 동주민센터,골목상권,105010.0
중랑구,면목 2 동,3110243.0,중랑노인종합복지관,골목상권,128302.0
중랑구,중화 2 동,3110244.0,중화역 4 번,골목상권,63066.0
중랑구,중화 2 동,3110245.0,KB 국민은행 중화동지점,골목상권,62374.0
중랑구,상봉 2 동,3110246.0,월드순복음교회,골목상권,87353.0
중랑구,묵 1 동,3110247.0,먹골역 1 번,골목상권,148439.0
중랑구,묵 1 동,3110248.0,먹골파출소,골목상권,37643.0
중랑구,중화 1 동,3110249.0,중화역 1 번,골목상권,170317.0
중랑구,묵 1 동,3110250.0,화랑대역 7 번,골목상권,39367.0
중랑구,중화 1 동,3110251.0,장안중학교,골목상권,90556.0
중랑구,면목 5 동,3110252.0,장안제일시장,골목상권,121544.0
중랑구,면목 4 동,3110253.0,중곡초등학교,골목상권,86503.0
중랑구,면목 7 동,3110254.0,오거리공원,골목상권,165615.0
중랑구,상봉 2 동,3110255.0,상봉역 4 번,골목상권,191245.0
중랑구,면목 2 동,3110256.0,면목 2 동체육관,골목상권,221861.0
중랑구,상봉 1 동,3110257.0,상봉역 7 번,골목상권,114328.0
중랑구,면목본동,3110258.0,면동초등학교,골목상권,111432.0
중랑구,면목 3·8 동,3110259.0,사가정역 1 번,골목상권,86298.0
중랑구,면목본동,3110260.0,면목역 3 번,골목상권,65941.0
중랑구,면목 7 동,3110261.0,사가정역 4 번,골목상권,109503.0
중랑구,상봉 2 동,3110262.0,상봉역 3 번,골목상권,121975.0
중랑구,면목본동,3110263.0,면목역 1 번,골목상권,152104.0
중랑구,면목본동,3110264.0,면목역 2 번,골목상권,216948.0
중랑구,상봉 1 동,3110265.0,망우역 1 번,골목상권,164846.0
중랑구,면목 3·8 동,3110266.0,면목동우체국,골목상권,114047.0
중랑구,상봉 1 동,3110267.0,망우역 2 번,골목상권,125682.0
중랑구,망우 3 동,3110268.0,망우 3 동주민센터,골목상권,71237.0
중랑구,면목 3·8 동,3110269.0,용마문화복지센터,골목상권,50066.0
중랑구,망우 3 동,3110270.0,혜원여고,골목상권,35644.0
중랑구,신내 1 동,3110271.0,신내역 1 번,골목상권,112596.0
중랑구,신내 1 동,3110272.0,신내 1 동주민센터,골목상권,146352.0
중랑구,신내 1 동,3110273.0,장스여성병원,골목상권,69230.0
중랑구,면목 3·8 동,3110274.0,서일대학교,골목상권,164098.0
중랑구,망우본동,3110275.0,하나은행 망우동지점,골목상권,35477.0
중랑구,신내 1 동,3110276.0,신내 IC 북측,골목상권,118914.0
중랑구,망우본동,3110277.0,러스크서울병원,골목상권,118173.0
중랑구,망우본동,3110278.0,망우본동주민센터,골목상권,137523.0
중랑구,망우본동,3110279.0,신내역 2 번,골목상권,481217.0
성북구,성북동,3110280.0,북정마을,골목상권,151078.0
성북구,성북동,3110281.0,길상사,골목상권,244583.0
성북구,정릉 3 동,3110282.0,국민대학교앞,골목상권,69438.0
성북구,성북동,3110283.0,성북초등학교앞,골목상권,42242.0
성북구,정릉 4 동,3110284.0,정릉북한산국립공원입구,골목상권,57402.0
성북구,성북동,3110285.0,홍대부중,골목상권,90071.0
성북구,성북동,3110286.0,한성대입구역 5 번,골목상권,112177.0
성북구,정릉 3 동,3110287.0,정릉 3 동주민센터,골목상권,60168.0
성북구,성북동,3110288.0,동구여중,골목상권,82760.0
성북구,정릉 3 동,3110289.0,북한산보국문역 2 번,골목상권,162270.0
성북구,정릉 4 동,3110290.0,북한산보국문역 1 번,골목상권,45706.0
성북구,삼선동,3110291.0,한성대입구역 3 번,골목상권,175682.0
성북구,정릉 2 동,3110292.0,정릉역 2 번,골목상권,21672.0
성북구,삼선동,3110293.0,삼선중학교,골목상권,79830.0
성북구,정릉 4 동,3110294.0,서경대학교,골목상권,193247.0
성북구,정릉 2 동,3110295.0,정릉우체국,골목상권,153101.0
성북구,동선동,3110296.0,성신여대입구역 4 번,골목상권,59460.0
성북구,삼선동,3110297.0,경동고등학교,골목상권,167263.0
성북구,정릉 1 동,3110298.0,솔숲어린이공원,골목상권,37902.0
성북구,정릉 1 동,3110299.0,정릉역 1 번,골목상권,140910.0
성북구,안암동,3110300.0,삼선동주민센터,골목상권,155662.0
성북구,동선동,3110301.0,성신여대입구역 7 번,골목상권,107374.0
성북구,보문동,3110302.0,보문역 8 번,골목상권,67532.0
성북구,동선동,3110303.0,성신여대입구역 1 번,골목상권,109299.0
성북구,안암동,3110304.0,보문역 4 번,골목상권,93288.0
성북구,안암동,3110305.0,보문역 5 번,골목상권,147424.0
성북구,길음 1 동,3110306.0,미아초등학교,골목상권,32625.0
성북구,길음 1 동,3110307.0,길음역 7 번,골목상권,55213.0
성북구,길음 2 동,3110308.0,길음역 8 번,골목상권,84969.0
성북구,안암동,3110309.0,대광초등학교,골목상권,72678.0
성북구,월곡 1 동,3110310.0,길음역 10 번,골목상권,21941.0
성북구,종암동,3110311.0,종암아이파크 2 차후문,골목상권,26270.0
성북구,안암동,3110312.0,안암역 2 번,골목상권,85118.0
성북구,안암동,3110313.0,안암역 3 번,골목상권,82289.0
성북구,종암동,3110314.0,종암경찰서,골목상권,84094.0
성북구,종암동,3110315.0,종암아이파크 2 차,골목상권,92801.0
성북구,월곡 1 동,3110316.0,숭곡초등학교,골목상권,180619.0
성북구,종암동,3110317.0,종암중학교,골목상권,91409.0
성북구,월곡 1 동,3110318.0,KT 월곡지사,골목상권,76869.0
성북구,종암동,3110319.0,종암동주민센터,골목상권,98376.0
성북구,종암동,3110320.0,KB 국민은행 종암동지점,골목상권,52907.0
성북구,월곡 1 동,3110321.0,동덕여대,골목상권,8750.0
성북구,장위 1 동,3110322.0,장위 1 동주민센터,골목상권,84262.0
성북구,월곡 2 동,3110323.0,상월곡역 1 번,골목상권,83644.0
성북구,월곡 2 동,3110324.0,월곡역 4 번,골목상권,26587.0
성북구,장위 1 동,3110325.0,장곡초등학교,골목상권,104685.0
성북구,장위 1 동,3110326.0,장위동성당,골목상권,45509.0
성북구,장위 2 동,3110327.0,상월곡역 2 번,골목상권,117350.0
성북구,월곡 2 동,3110328.0,상월곡역 3 번,골목상권,88297.0
성북구,장위 2 동,3110329.0,우리은행체육관,골목상권,88610.0
성북구,장위 2 동,3110330.0,돌곶이역 1 번,골목상권,72476.0
성북구,석관동,3110331.0,돌곶이역 8 번,골목상권,105931.0
성북구,장위 2 동,3110332.0,돌곶이역 3 번,골목상권,34428.0
성북구,석관동,3110333.0,돌곶이역 5 번,골목상권,67373.0
성북구,석관동,3110334.0,석관중앙교회,골목상권,84276.0
성북구,석관동,3110335.0,석계역 7 번,골목상권,140761.0
성북구,석관동,3110336.0,석관고등학교,골목상권,62554.0
강북구,인수동,3110337.0,아카데미하우스,골목상권,120638.0
강북구,인수동,3110338.0,인수초등학교,골목상권,99103.0
강북구,우이동,3110339.0,국립 4.19 민주묘지,골목상권,12372.0
강북구,인수동,3110340.0,인수중학교,골목상권,50149.0
강북구,우이동,3110341.0,북한산우이역 2 번,골목상권,140183.0
강북구,인수동,3110342.0,국립재활원,골목상권,62499.0
강북구,우이동,3110343.0,무너미어린이공원,골목상권,105257.0
강북구,우이동,3110345.0,솔밭공원역 2 번,골목상권,103855.0
강북구,우이동,3110346.0,4.19 민주묘지역 2 번,골목상권,60794.0
강북구,삼양동,3110347.0,구세군강북종합사회복지관,골목상권,32980.0
강북구,인수동,3110348.0,강북문화예술회관,골목상권,122433.0
강북구,인수동,3110350.0,가오리역 2 번,골목상권,75348.0
강북구,인수동,3110351.0,수유북부시장옆,골목상권,78839.0
강북구,삼각산동,3110354.0,삼각산 119 안전센터,골목상권,17571.0
강북구,삼양동,3110355.0,삼양사거리역 2 번,골목상권,101492.0
강북구,송천동,3110361.0,삼양사거리역 1 번,골목상권,74852.0
강북구,송천동,3110363.0,송천동주민센터,골목상권,26098.0
강북구,미아동,3110364.0,미아역 8 번,골목상권,127150.0
강북구,미아동,3110365.0,미아역 5 번,골목상권,115228.0
강북구,송천동,3110368.0,송천초등학교,골목상권,105075.0
강북구,미아동,3110369.0,성신여대운정그린캠퍼스,골목상권,133932.0
강북구,송천동,3110370.0,도봉세무서,골목상권,108984.0
강북구,송천동,3110371.0,삼양입구사거리,골목상권,62809.0
강북구,송중동,3110374.0,송중초등학교,골목상권,204374.0
강북구,송중동,3110377.0,미아사거리역 3 번,골목상권,35635.0
강북구,송중동,3110378.0,송중동주민센터,골목상권,53154.0
도봉구,쌍문 1 동,3110382.0,솔밭공원역 1 번,골목상권,40166.0
도봉구,쌍문 1 동,3110383.0,덕성여대시반거리,골목상권,43039.0
도봉구,쌍문 1 동,3110384.0,문이교,골목상권,108209.0
도봉구,쌍문 1 동,3110385.0,효문고등학교,골목상권,96072.0
도봉구,방학 3 동,3110386.0,연산군묘,골목상권,16363.0
도봉구,쌍문 1 동,3110387.0,쌍문초등학교,골목상권,143845.0
도봉구,쌍문 3 동,3110388.0,도봉우체국,골목상권,55371.0
도봉구,쌍문 3 동,3110389.0,한일병원,골목상권,52890.0
도봉구,방학 2 동,3110390.0,방학초등학교,골목상권,61821.0
도봉구,방학 2 동,3110391.0,샘말어린이공원,골목상권,245401.0
도봉구,쌍문 4 동,3110392.0,발바닥공원,골목상권,10355.0
도봉구,방학 3 동,3110393.0,국민은행방학지점,골목상권,21358.0
도봉구,방학 2 동,3110394.0,방학중학교,골목상권,157817.0
도봉구,방학 1 동,3110395.0,신한은행 방학동지점,골목상권,52472.0
도봉구,창 1 동,3110396.0,쌍문역 1 번(쌍리단길),골목상권,52971.0
도봉구,도봉 1 동,3110397.0,도봉산입구,골목상권,542024.0
도봉구,쌍문 2 동,3110398.0,쌍문 2 동우체국,골목상권,102318.0
도봉구,창 2 동,3110399.0,창 2 동주민센터,골목상권,161205.0
도봉구,쌍문 2 동,3110400.0,도봉구보건소,골목상권,123299.0
도봉구,창 5 동,3110401.0,도봉구민회관,골목상권,44767.0
도봉구,방학 1 동,3110402.0,도봉구 정병원,골목상권,118386.0
도봉구,방학 1 동,3110403.0,방학 1 동주민센터,골목상권,153054.0
도봉구,창 3 동,3110404.0,신창초등학교,골목상권,297142.0
도봉구,방학 1 동,3110405.0,방학역 1 번,골목상권,185625.0
도봉구,도봉 1 동,3110406.0,도봉산역 1 번,골목상권,247532.0
도봉구,도봉 1 동,3110407.0,도봉역 2 번,골목상권,454340.0
도봉구,창 5 동,3110408.0,가인초등학교,골목상권,53197.0
도봉구,창 5 동,3110409.0,창동역 2 번,골목상권,77642.0
도봉구,방학 1 동,3110410.0,방학역 2 번,골목상권,130951.0
도봉구,도봉 2 동,3110411.0,도봉역 3 번,골목상권,90321.0
도봉구,방학 1 동,3110412.0,창동중학교,골목상권,21146.0
도봉구,도봉 2 동,3110413.0,누원고등학교,골목상권,74353.0
노원구,월계 1 동,3110414.0,장석교회,골목상권,68483.0
노원구,상계 1 동,3110415.0,수락산역 4 번,골목상권,197508.0
노원구,상계 1 동,3110416.0,노원초등학교,골목상권,92687.0
노원구,월계 2 동,3110417.0,월계역 3 번,골목상권,29842.0
노원구,월계 1 동,3110418.0,광운대학교 남단,골목상권,88266.0
노원구,상계 1 동,3110419.0,수락산디자인거리,골목상권,125994.0
노원구,월계 1 동,3110420.0,광운대역 1 번,골목상권,50431.0
노원구,월계 1 동,3110421.0,석계역 1 번,골목상권,69794.0
노원구,상계 10 동,3110422.0,노원역 9 번,골목상권,35324.0
노원구,월계 1 동,3110423.0,석계역 2 번,골목상권,58165.0
노원구,상계 2 동,3110424.0,상계초등학교,골목상권,75911.0
노원구,상계 5 동,3110425.0,계상초등학교,골목상권,104277.0
노원구,상계 2 동,3110426.0,상계 2 동주민센터,골목상권,130017.0
노원구,하계 1 동,3110427.0,노원 을지대학교병원,골목상권,30640.0
노원구,상계 5 동,3110428.0,상계 5 동주민센터,골목상권,217725.0
노원구,공릉 1 동,3110429.0,공릉동 국수거리,골목상권,160554.0
노원구,중계 4 동,3110430.0,중계초등학교,골목상권,11185.0
노원구,중계 4 동,3110431.0,상계역,골목상권,55707.0
노원구,하계 1 동,3110432.0,대진고등학교,골목상권,69099.0
노원구,공릉 1 동,3110433.0,공릉역 2 번,골목상권,95309.0
노원구,공릉 1 동,3110434.0,태릉입구역 4 번,골목상권,38090.0
노원구,공릉 2 동,3110435.0,서울과학기술대,골목상권,17818.0
노원구,중계 4 동,3110436.0,상계제일중학교,골목상권,41545.0
노원구,상계 3·4 동,3110437.0,당고개역 2 번,골목상권,83701.0
노원구,공릉 2 동,3110438.0,경춘선숲길 우측,골목상권,100071.0
노원구,상계 3·4 동,3110439.0,당고개역 5 번,골목상권,99026.0
노원구,상계 3·4 동,3110440.0,상계 3 동 4 동주민센터,골목상권,54632.0
노원구,중계본동,3110441.0,영신여고,골목상권,54737.0
노원구,공릉 2 동,3110442.0,화랑대철도공원,골목상권,20050.0
은평구,수색동,3110443.0,수색역 1 번,골목상권,39392.0
은평구,증산동,3110444.0,수색성당,골목상권,73705.0
은평구,신사 1 동,3110445.0,덕산중학교,골목상권,41323.0
은평구,신사 2 동,3110446.0,내를건너서숲으로도서관,골목상권,59764.0
은평구,구산동,3110447.0,구산초등학교,골목상권,36415.0
은평구,신사 2 동,3110448.0,상신초등학교입구,골목상권,61765.0
은평구,증산동,3110449.0,증산역 3 번,골목상권,154127.0
은평구,구산동,3110450.0,시립서북병원,골목상권,195983.0
은평구,증산동,3110451.0,증산역 4 번,골목상권,178167.0
은평구,신사 2 동,3110452.0,새절역 3 번,골목상권,112690.0
은평구,신사 1 동,3110453.0,신사 1 동주민센터,골목상권,209465.0
은평구,갈현 2 동,3110454.0,선정중학교,골목상권,117225.0
은평구,역촌동,3110455.0,역촌노인복지관,골목상권,155405.0
은평구,구산동,3110456.0,구산보건지소,골목상권,170875.0
은평구,구산동,3110457.0,예일여고,골목상권,93412.0
은평구,갈현 2 동,3110458.0,선일여고,골목상권,118649.0
은평구,역촌동,3110459.0,응암역 2 번,골목상권,104660.0
은평구,갈현 2 동,3110460.0,구산역 4 번,골목상권,149102.0
은평구,응암 3 동,3110461.0,새절역 2 번,골목상권,33922.0
은평구,갈현 1 동,3110462.0,갈현건영아파트,골목상권,155714.0
은평구,응암 3 동,3110463.0,응암 3 동주민센터,골목상권,53976.0
은평구,갈현 2 동,3110464.0,연신내역 5 번,골목상권,99182.0
은평구,갈현 1 동,3110465.0,연신내역 7 번,골목상권,72295.0
은평구,역촌동,3110466.0,구산역 2 번,골목상권,102377.0
은평구,갈현 1 동,3110467.0,은평요양병원,골목상권,59339.0
은평구,역촌동,3110468.0,응암역 3 번,골목상권,243033.0
은평구,응암 3 동,3110469.0,응암정보도서관,골목상권,197026.0
은평구,응암 1 동,3110470.0,신진과학기술고등학교,골목상권,34929.0
은평구,응암 3 동,3110471.0,응암동우체국,골목상권,123744.0
은평구,대조동,3110472.0,연신내역 4 번,골목상권,134157.0
은평구,대조동,3110473.0,구산역 1 번,골목상권,185580.0
은평구,불광 2 동,3110474.0,세명컴퓨터고등학교,골목상권,125765.0
은평구,응암 1 동,3110475.0,백련산해모로아파트,골목상권,70709.0
은평구,대조동,3110476.0,역촌역 2 번,골목상권,31638.0
은평구,녹번동,3110477.0,은평세무서,골목상권,101732.0
은평구,응암 1 동,3110478.0,응암 1 동주민센터,골목상권,61196.0
은평구,불광 2 동,3110479.0,연신내역 2 번,골목상권,102295.0
은평구,불광 2 동,3110480.0,연신내역 3 번,골목상권,77808.0
은평구,대조동,3110481.0,불광역 7 번,골목상권,88375.0
은평구,불광 2 동,3110482.0,연신초등학교,골목상권,35348.0
은평구,불광 2 동,3110483.0,연천초등학교,골목상권,67748.0
은평구,녹번동,3110484.0,역촌역 3 번,골목상권,191591.0
은평구,불광 2 동,3110485.0,연신내우체국,골목상권,103329.0
은평구,녹번동,3110486.0,은평구청,골목상권,63348.0
은평구,불광 1 동,3110487.0,불광역 8 번,골목상권,23276.0
은평구,응암 1 동,3110488.0,우리은행응암동지점,골목상권,93490.0
은평구,녹번동,3110489.0,불광역 3 번,골목상권,31324.0
은평구,녹번동,3110490.0,녹번동근린공원,골목상권,128235.0
은평구,불광 2 동,3110491.0,불광중학교,골목상권,300653.0
은평구,진관동,3110492.0,하나고등학교,골목상권,133323.0
서대문구,북가좌 1 동,3110493.0,북가좌초등학교,골목상권,44322.0
서대문구,북가좌 1 동,3110494.0,증산 3 교남측,골목상권,32244.0
서대문구,북가좌 2 동,3110495.0,북가좌 2 동주민센터,골목상권,183812.0
서대문구,북가좌 2 동,3110496.0,모래내우체국,골목상권,69544.0
서대문구,남가좌 1 동,3110497.0,가좌역 3 번,골목상권,27096.0
서대문구,북가좌 2 동,3110498.0,증산역 1 번,골목상권,115165.0
서대문구,북가좌 2 동,3110499.0,연가초등학교,골목상권,122136.0
서대문구,남가좌 2 동,3110500.0,남가좌동현대아파트,골목상권,26069.0
서대문구,연희동,3110501.0,연희어린이공원,골목상권,123377.0
서대문구,남가좌 2 동,3110502.0,남가좌파출소,골목상권,125757.0
서대문구,남가좌 2 동,3110503.0,명지대학교교회,골목상권,154746.0
서대문구,홍은 2 동,3110504.0,명지전문대,골목상권,34484.0
서대문구,연희동,3110505.0,홍남교남측,골목상권,21259.0
서대문구,연희동,3110506.0,연희임광아파트,골목상권,25732.0
서대문구,홍은 2 동,3110507.0,명지대학교,골목상권,176999.0
서대문구,연희동,3110508.0,서연중학교,골목상권,171649.0
서대문구,신촌동,3110509.0,연희대우아파트앞,골목상권,117804.0
서대문구,연희동,3110510.0,홍연시장,골목상권,42513.0
서대문구,연희동,3110511.0,연희초등학교,골목상권,200962.0
서대문구,연희동,3110512.0,연희지하차도,골목상권,112524.0
서대문구,연희동,3110513.0,연희파출소,골목상권,81070.0
서대문구,신촌동,3110514.0,서대문우체국,골목상권,91935.0
서대문구,홍은 2 동,3110515.0,홍은중학교,골목상권,64938.0
서대문구,홍은 2 동,3110516.0,정원여중,골목상권,65332.0
서대문구,연희동,3110517.0,서대문소방서,골목상권,63408.0
서대문구,연희동,3110518.0,서대문구청,골목상권,49879.0
서대문구,홍제 1 동,3110519.0,서대문구보건소별관,골목상권,115619.0
서대문구,신촌동,3110520.0,경의중앙 신촌역,골목상권,60585.0
서대문구,홍제 1 동,3110521.0,홍제역 4 번,골목상권,30428.0
서대문구,홍제 1 동,3110522.0,홍제역 3 번,골목상권,37420.0
서대문구,홍제 1 동,3110523.0,홍제성원아파트,골목상권,14283.0
서대문구,신촌동,3110524.0,연희세브란스병원,골목상권,30580.0
서대문구,홍은 1 동,3110525.0,홍은종합사회복지관,골목상권,35519.0
서대문구,신촌동,3110526.0,봉원사,골목상권,112347.0
서대문구,홍제 3 동,3110527.0,홍제역 2 번,골목상권,106073.0
서대문구,홍제 3 동,3110528.0,서울여자간호대학교,골목상권,59337.0
서대문구,홍제 3 동,3110529.0,홍제 3 동주민센터,골목상권,113498.0
서대문구,북아현동,3110530.0,아현역 1 번,골목상권,17473.0
종로구,부암동,3110531.0,홍지문,골목상권,78118.0
서대문구,북아현동,3110532.0,아현역 2 번,골목상권,61152.0
서대문구,북아현동,3110533.0,충정로역 7 번,골목상권,39228.0
서대문구,충현동,3110534.0,경기대학교,골목상권,71787.0
서대문구,천연동,3110535.0,영천시장입구,골목상권,34671.0
서대문구,천연동,3110536.0,돈의문센트레빌아파트입구,골목상권,21586.0
서대문구,충현동,3110537.0,충정로현대아파트,골목상권,52786.0
서대문구,충현동,3110538.0,충정로역 3 번,골목상권,16657.0
서대문구,충현동,3110539.0,미근동,골목상권,48052.0
마포구,망원 1 동,3110540.0,망원나들목체육관,골목상권,61616.0
마포구,망원 2 동,3110541.0,동교초등학교,골목상권,101027.0
마포구,망원 2 동,3110542.0,마포구청역 7 번,골목상권,123656.0
마포구,성산 2 동,3110543.0,중암중학교,골목상권,21216.0
마포구,망원 1 동,3110544.0,망리단길,골목상권,311648.0
마포구,성산 2 동,3110545.0,마포구청역 1 번,골목상권,87346.0
마포구,합정동,3110546.0,양화대교북단,골목상권,102440.0
마포구,망원 2 동,3110547.0,KB 국민은행 망원동지점,골목상권,72666.0
마포구,성산 1 동,3110548.0,마포구청역 4 번,골목상권,113289.0
마포구,성산 2 동,3110549.0,새터산,골목상권,101078.0
마포구,합정동,3110550.0,합정역 8 번,골목상권,173803.0
마포구,성산 1 동,3110551.0,성서초등학교,골목상권,102638.0
마포구,성산 1 동,3110552.0,성미산체육관,골목상권,97940.0
마포구,성산 2 동,3110553.0,가좌역 2 번,골목상권,83965.0
마포구,서교동,3110554.0,망원역 1 번,골목상권,126268.0
마포구,서교동,3110555.0,홍익지구대,골목상권,21035.0
마포구,합정동,3110556.0,절두산순교성지,골목상권,41215.0
마포구,서교동,3110557.0,홍대부속여중고앞,골목상권,112569.0
마포구,성산 1 동,3110558.0,경성고등학교,골목상권,321532.0
마포구,합정동,3110559.0,성산중학교,골목상권,100801.0
마포구,연남동,3110560.0,마포 FM,골목상권,60230.0
마포구,서강동,3110561.0,상수역 4 번,골목상권,81410.0
마포구,연남동,3110562.0,연트럴파크(연남동주민센터),골목상권,96104.0
마포구,서강동,3110563.0,상수역 3 번,골목상권,37381.0
마포구,서교동,3110564.0,홍대입구역 3 번,골목상권,49371.0
마포구,서강동,3110565.0,홍익대,골목상권,43573.0
마포구,서교동,3110566.0,경의선책거리,골목상권,156743.0
마포구,서강동,3110567.0,광흥창역 6 번,골목상권,21814.0
마포구,서강동,3110568.0,광흥창역 1 번,골목상권,25225.0
마포구,서교동,3110569.0,홍대땡땡거리,골목상권,84934.0
마포구,신수동,3110570.0,KB 국민은행 서강지점,골목상권,24575.0
마포구,신수동,3110571.0,신수동주민센터,골목상권,75550.0
마포구,신수동,3110572.0,서강대역 1 번,골목상권,148225.0
마포구,대흥동,3110573.0,신촌역 6 번,골목상권,9367.0
마포구,대흥동,3110574.0,서강대학교,골목상권,16304.0
마포구,대흥동,3110575.0,대흥동주민센터,골목상권,71531.0
마포구,대흥동,3110576.0,대흥역 3 번,골목상권,76040.0
마포구,용강동,3110577.0,용강동주민센터,골목상권,26040.0
마포구,염리동,3110578.0,대흥역 2 번,골목상권,111950.0
마포구,도화동,3110579.0,마포역 4 번,골목상권,55046.0
마포구,대흥동,3110580.0,양원초등학교,골목상권,39360.0
마포구,염리동,3110581.0,염리초등학교,골목상권,13748.0
마포구,염리동,3110582.0,이대역 5 번,골목상권,53599.0
마포구,아현동,3110583.0,공덕래미안 3 차아파트,골목상권,7972.0
마포구,아현동,3110584.0,아현역 4 번,골목상권,14177.0
마포구,아현동,3110585.0,마포경찰서,골목상권,18216.0
마포구,공덕동,3110586.0,서울서부지방법원,골목상권,132139.0
마포구,공덕동,3110587.0,공덕동주민센터,골목상권,76629.0
마포구,공덕동,3110588.0,한겨레신문사,골목상권,72183.0
마포구,공덕동,3110589.0,애오개역 3 번,골목상권,31214.0
마포구,공덕동,3110590.0,만리재,골목상권,59702.0
중구,중림동,3110591.0,충정로역 6 번,골목상권,51038.0
양천구,신월 3 동,3110592.0,서울금융고등학교,골목상권,42118.0
양천구,신월 3 동,3110593.0,신월 3 동주민센터,골목상권,177705.0
양천구,신월 5 동,3110594.0,신월중학교,골목상권,77868.0
양천구,신월 5 동,3110595.0,메디힐병원,골목상권,187236.0
양천구,신월 3 동,3110596.0,서서울호수공원,골목상권,118222.0
양천구,신월 1 동,3110597.0,신월 1 동주민센터,골목상권,181005.0
양천구,신월 7 동,3110598.0,신월문화체육센터,골목상권,105945.0
양천구,신월 1 동,3110599.0,신월 1 파출소,골목상권,105116.0
양천구,신월 7 동,3110600.0,신월 7 동주민센터,골목상권,158307.0
양천구,신월 1 동,3110601.0,신월 1 동우편취급국,골목상권,220158.0
양천구,신월 7 동,3110602.0,신월시영아파트중문,골목상권,61404.0
양천구,신정 3 동,3110603.0,지향초등학교,골목상권,60198.0
양천구,신월 4 동,3110604.0,신월 4 동주민센터,골목상권,150486.0
양천구,신월 6 동,3110605.0,목동센트럴아이파크앞,골목상권,38129.0
양천구,신월 4 동,3110606.0,신한은행 신월동지점,골목상권,158709.0
양천구,신월 2 동,3110607.0,금빛새마을금고본점,골목상권,36823.0
양천구,신월 2 동,3110608.0,신월 2 동주민센터,골목상권,199259.0
양천구,신정 3 동,3110609.0,신정네거리역 2 번,골목상권,48181.0
양천구,신정 3 동,3110610.0,계남근린공원,골목상권,70654.0
양천구,신정 4 동,3110611.0,신정역 1 번,골목상권,105248.0
양천구,신정 4 동,3110612.0,신정역 5 번,골목상권,167833.0
양천구,신정 1 동,3110613.0,신정네거리역 4 번,골목상권,23861.0
양천구,신정 4 동,3110614.0,목동로데오거리,골목상권,77332.0
양천구,신정 1 동,3110615.0,신서초등학교,골목상권,31057.0
양천구,신정 4 동,3110616.0,양목초등학교,골목상권,15723.0
양천구,목 3 동,3110617.0,등촌역 4 번,골목상권,57686.0
양천구,목 4 동,3110618.0,강서고등학교,골목상권,123264.0
양천구,목 4 동,3110619.0,목 4 동주민센터,골목상권,39755.0
양천구,목 4 동,3110620.0,목동보건지소,골목상권,177925.0
양천구,목 1 동,3110621.0,목동역 5 번,골목상권,34475.0
양천구,목 2 동,3110622.0,달마을공원,골목상권,90372.0
양천구,신정 7 동,3110623.0,갈산공원,골목상권,156540.0
양천구,목 2 동,3110624.0,목동문화체육센터,골목상권,43801.0
양천구,신정 2 동,3110625.0,신정 2 동주민센터,골목상권,100874.0
양천구,목 2 동,3110626.0,양화초등학교,골목상권,127884.0
양천구,신정 2 동,3110627.0,신정롯데캐슬아파트,골목상권,80881.0
양천구,목 2 동,3110628.0,신목동역,골목상권,95041.0
강서구,공항동,3110629.0,송정역 4 번,골목상권,37678.0
강서구,방화 2 동,3110630.0,공항시장역 1 번,골목상권,187213.0
강서구,방화 2 동,3110631.0,방화초등학교,골목상권,91895.0
강서구,방화 1 동,3110632.0,방화역 3 번,골목상권,70905.0
강서구,방화 2 동,3110633.0,개화산역 1 번,골목상권,21731.0
강서구,공항동,3110634.0,송정역 3 번,골목상권,238960.0
강서구,공항동,3110635.0,공항시장역 3 번,골목상권,95722.0
강서구,방화 1 동,3110636.0,방화역 2 번,골목상권,44808.0
강서구,공항동,3110637.0,송정역 2 번,골목상권,86547.0
강서구,방화 1 동,3110638.0,신방화역 2 번,골목상권,180870.0
강서구,방화 1 동,3110639.0,신방화역 8 번,골목상권,97165.0
강서구,방화 3 동,3110640.0,방화역 1 번,골목상권,79681.0
강서구,방화 1 동,3110641.0,공항고등학교,골목상권,67482.0
강서구,방화 3 동,3110642.0,정곡초등학교,골목상권,19884.0
강서구,공항동,3110643.0,강서구다솔마을,골목상권,127210.0
강서구,발산 1 동,3110644.0,신광명마을,골목상권,121040.0
강서구,발산 1 동,3110645.0,우장산역 4 번,골목상권,180103.0
강서구,화곡 3 동,3110646.0,푸른들청소년도서관,골목상권,203547.0
강서구,화곡 1 동,3110647.0,화곡역 5 번,골목상권,210252.0
강서구,가양 1 동,3110648.0,양천향교역 7 번,골목상권,283983.0
강서구,우장산동,3110649.0,우장산역 1 번,골목상권,70187.0
강서구,우장산동,3110650.0,우장산힐스테이트,골목상권,18832.0
강서구,화곡 1 동,3110651.0,화원중학교,골목상권,142874.0
강서구,가양 1 동,3110652.0,양천향교역 2 번,골목상권,98467.0
강서구,우장산동,3110653.0,화곡역 2 번,골목상권,122821.0
강서구,화곡 1 동,3110654.0,까치산역 4 번,골목상권,276225.0
강서구,우장산동,3110655.0,발산역 5 번,골목상권,121172.0
강서구,화곡 1 동,3110656.0,까치산역 3 번,골목상권,201889.0
강서구,등촌 3 동,3110657.0,양천향교역 5 번,골목상권,124877.0
강서구,화곡본동,3110658.0,화곡초등학교,골목상권,65816.0
강서구,화곡본동,3110659.0,화곡역 4 번,골목상권,372788.0
강서구,등촌 3 동,3110660.0,등촌 3 동주민센터,골목상권,151533.0
강서구,화곡 6 동,3110661.0,강서새말어린이공원,골목상권,38920.0
강서구,화곡 8 동,3110662.0,까치산역 1 번,골목상권,230187.0
강서구,화곡 6 동,3110663.0,우장산롯데캐슬아파트앞,골목상권,38550.0
강서구,화곡 6 동,3110664.0,강서구청옆,골목상권,22736.0
강서구,화곡 2 동,3110665.0,곰달래도서관,골목상권,205223.0
강서구,화곡 6 동,3110666.0,KC 대학교,골목상권,48432.0
강서구,등촌 3 동,3110667.0,가양역 10 번,골목상권,29342.0
강서구,화곡 2 동,3110668.0,화곡 2 동주민센터,골목상권,178678.0
강서구,화곡 6 동,3110669.0,화곡보람 2 차아파트,골목상권,15189.0
강서구,화곡 4 동,3110670.0,신곡초등학교,골목상권,146128.0
강서구,등촌 1 동,3110671.0,등촌 1 동주민센터,골목상권,231350.0
강서구,등촌 2 동,3110672.0,백석중학교,골목상권,69786.0
강서구,화곡 4 동,3110673.0,뜸부기어린이공원,골목상권,145209.0
강서구,가양 3 동,3110674.0,강서구청가양동별관,골목상권,10388.0
강서구,화곡 4 동,3110675.0,화곡 4 동주민센터,골목상권,164488.0
강서구,등촌 2 동,3110676.0,등촌역 7 번,골목상권,73721.0
강서구,등촌 1 동,3110677.0,등촌역 1 번,골목상권,46900.0
강서구,염창동,3110678.0,염창무학아파트,골목상권,27977.0
강서구,염창동,3110679.0,염창역 2 번,골목상권,69101.0
구로구,수궁동,3110680.0,온수역 5 번(온수산업단지),골목상권,136117.0
구로구,수궁동,3110681.0,온수역 1 번,골목상권,82313.0
구로구,수궁동,3110682.0,온수역 8 번,골목상권,32907.0
구로구,수궁동,3110683.0,오류고등학교,골목상권,41660.0
구로구,수궁동,3110684.0,서울공연예술고등학교,골목상권,56085.0
구로구,오류 2 동,3110685.0,금강수목원아파트,골목상권,33067.0
구로구,수궁동,3110686.0,수궁동주민센터,골목상권,191258.0
구로구,오류 2 동,3110687.0,"천왕역 3 번
(오류 2 동주민센터,
서울오류남초등학교)",골목상권,42464.0
구로구,오류 1 동,3110688.0,오류지구대,골목상권,79928.0
구로구,오류 1 동,3110689.0,오류동역 3 번,골목상권,115792.0
구로구,오류 2 동,3110690.0,오류 2 동버들시장,골목상권,163596.0
구로구,개봉 1 동,3110691.0,개봉중학교,골목상권,78095.0
구로구,개봉 1 동,3110692.0,큰굴다리,골목상권,68249.0
구로구,오류 1 동,3110693.0,오류동역 4 번,골목상권,9129.0
구로구,고척 2 동,3110694.0,세곡초등학교,골목상권,196285.0
구로구,고척 2 동,3110695.0,개봉 1 동주민센터,골목상권,191612.0
구로구,개봉 2 동,3110696.0,오류동역 1 번,골목상권,87977.0
구로구,개봉 3 동,3110697.0,개봉 3 동주민센터,골목상권,81457.0
구로구,개봉 3 동,3110698.0,개웅초등학교(개웅중학교),골목상권,131201.0
구로구,고척 2 동,3110699.0,덕의초등학교,골목상권,55364.0
구로구,고척 1 동,3110700.0,고척초등학교,골목상권,131905.0
구로구,고척 2 동,3110701.0,고척동성당,골목상권,44097.0
구로구,개봉 3 동,3110702.0,개봉초등학교,골목상권,91947.0
구로구,개봉 1 동,3110703.0,개봉역,골목상권,119182.0
구로구,고척 1 동,3110704.0,고척중학교,골목상권,15243.0
구로구,고척 1 동,3110705.0,고산초등학교,골목상권,20963.0
구로구,고척 1 동,3110706.0,그라운드 고척,골목상권,44173.0
구로구,신도림동,3110707.0,구로창업지원센터,골목상권,185688.0
구로구,구로 2 동,3110708.0,화원어린이공원,골목상권,50397.0
구로구,구로 2 동,3110709.0,구로 119 안전센터,골목상권,88217.0
구로구,구로 2 동,3110710.0,남구로역 3 번,골목상권,224117.0
구로구,구로 2 동,3110711.0,구로초등학교,골목상권,157006.0
구로구,구로 4 동,3110712.0,남구로역 5 번,골목상권,83115.0
구로구,구로 5 동,3110713.0,구로보건소,골목상권,250966.0
구로구,구로 4 동,3110714.0,구로 4 동주민센터,골목상권,140331.0
구로구,구로 5 동,3110715.0,구로구민회관,골목상권,40106.0
구로구,구로 2 동,3110716.0,구로나눔길,골목상권,50788.0
구로구,가리봉동,3110717.0,남구로역 2 번,골목상권,206144.0
구로구,구로 5 동,3110718.0,한국 SGI 본부,골목상권,113693.0
구로구,구로 3 동,3110719.0,영서중학교,골목상권,12156.0
구로구,구로 4 동,3110720.0,대림역 2 번,골목상권,111299.0
구로구,가리봉동,3110721.0,가리봉파출소,골목상권,71977.0
구로구,구로 3 동,3110722.0,G 타워,골목상권,84987.0
금천구,가산동,3110723.0,가산디지털단지역 1 번 출입구,골목상권,42837.0
금천구,가산동,3110724.0,금천구립가산도서관,골목상권,64563.0
금천구,가산동,3110725.0,가산동주민센터,골목상권,39903.0
금천구,독산 1 동,3110726.0,금천철쭉어린이공원(금하마을),골목상권,44361.0
금천구,독산 1 동,3110727.0,독산역 1 번 출입구,골목상권,106562.0
금천구,독산 1 동,3110728.0,두산초등학교,골목상권,50102.0
금천구,가산동,3110729.0,가산동우체국,골목상권,85219.0
금천구,독산 1 동,3110730.0,서울축산농협 독산역지점(독산파출소),골목상권,115670.0
금천구,시흥 1 동,3110731.0,금천구청역 1 번 출입구,골목상권,161006.0
금천구,독산 1 동,3110732.0,가산초등학교(세일중학교),골목상권,134081.0
금천구,시흥 1 동,3110733.0,금천어울림복지센터,골목상권,36821.0
금천구,시흥 1 동,3110734.0,금천파출소,골목상권,16742.0
금천구,독산 2 동,3110735.0,말미고개,골목상권,180092.0
금천구,독산 4 동,3110736.0,독산 119 안전센터,골목상권,124454.0
금천구,독산 3 동,3110737.0,금천세무서,골목상권,84015.0
금천구,독산 3 동,3110738.0,문성초등학교,골목상권,114069.0
금천구,시흥 3 동,3110739.0,시흥 3 동 우편취급국,골목상권,20887.0
금천구,시흥 1 동,3110740.0,금천해태공원,골목상권,148638.0
금천구,독산 2 동,3110741.0,독산 2 동주민센터,골목상권,96407.0
금천구,시흥 1 동,3110742.0,KT 금천빌딩(금천구시설관리공단),골목상권,35970.0
금천구,시흥 1 동,3110743.0,시흥초등학교(시흥 1 동우체국),골목상권,121078.0
금천구,독산 4 동,3110744.0,독산동성당,골목상권,207152.0
금천구,독산 2 동,3110745.0,독산동정훈단지,골목상권,79548.0
금천구,시흥 1 동,3110746.0,금천금빛공원(은행나무사거리서측),골목상권,57787.0
금천구,시흥 3 동,3110747.0,석수역 1 번 출입구,골목상권,72218.0
금천구,시흥 5 동,3110748.0,백산초등학교,골목상권,70150.0
금천구,시흥 3 동,3110749.0,금산초등학교(금천고등학교),골목상권,145627.0
금천구,시흥 4 동,3110750.0,시흥동주민센터(서울신흥초등학교),골목상권,113692.0
금천구,독산 3 동,3110751.0,난곡중학교,골목상권,142894.0
금천구,시흥 4 동,3110752.0,한울중학교,골목상권,160859.0
금천구,시흥 5 동,3110753.0,시흥동 은행나무사거리,골목상권,177282.0
금천구,시흥 5 동,3110754.0,삼성산자연공원(서울금천초등학교),골목상권,134370.0
금천구,시흥 2 동,3110755.0,동일여자고등학교,골목상권,59664.0
영등포구,양평 1 동,3110756.0,문래중학교,골목상권,49828.0
영등포구,양평 1 동,3110757.0,양평역 2 번,골목상권,73590.0
영등포구,문래동,3110758.0,문래소공원,골목상권,38867.0
영등포구,문래동,3110759.0,문래예술촌(문래창작촌),골목상권,299716.0
영등포구,양평 2 동,3110760.0,선유도역 6 번,골목상권,153365.0
영등포구,문래동,3110761.0,문래동남성맨션,골목상권,31681.0
영등포구,양평 2 동,3110762.0,선유도역 1 번,골목상권,342694.0
영등포구,당산 1 동,3110763.0,영등포구청역 2 번,골목상권,33508.0
영등포구,당산 1 동,3110764.0,문래역 3 번,골목상권,18152.0
영등포구,문래동,3110765.0,문래동사거리,골목상권,81024.0
영등포구,대림 3 동,3110766.0,대림역 5 번,골목상권,94929.0
영등포구,도림동,3110767.0,도림동주민센터,골목상권,27268.0
영등포구,도림동,3110768.0,도림 2 동유수지내체육시설,골목상권,51407.0
영등포구,대림 2 동,3110769.0,대림차이나타운(대림역 12 번),골목상권,35768.0
영등포구,당산 1 동,3110770.0,영등포구청역 6 번,골목상권,47293.0
영등포구,대림 2 동,3110771.0,대림역 11 번,골목상권,24375.0
영등포구,대림 3 동,3110772.0,신우어린이공원,골목상권,40126.0
영등포구,양평 2 동,3110773.0,당산역 13 번,골목상권,9756.0
영등포구,당산 2 동,3110774.0,당산반도유보라팰리스아파트,골목상권,35052.0
영등포구,대림 2 동,3110775.0,대동초등학교,골목상권,35075.0
영등포구,대림 3 동,3110776.0,도신초등학교,골목상권,113740.0
영등포구,문래동,3110777.0,구로세무서,골목상권,45358.0
영등포구,대림 2 동,3110778.0,구로디지털단지역 4 번,골목상권,204978.0
영등포구,대림 1 동,3110779.0,대림갑을명가아파트,골목상권,13131.0
영등포구,신길 5 동,3110780.0,신길대성유니드아파트,골목상권,87225.0
영등포구,대림 1 동,3110781.0,대림한신아파트,골목상권,84160.0
영등포구,영등포동,3110782.0,영등포시장역 4 번,골목상권,30037.0
영등포구,영등포동,3110783.0,영등포시장역 1 번,골목상권,49012.0
영등포구,대림 1 동,3110784.0,신대림초등학교,골목상권,37357.0
영등포구,도림동,3110785.0,영등포푸르지오아파트,골목상권,109702.0
영등포구,당산 2 동,3110786.0,당산역 8 번,골목상권,54674.0
영등포구,신길 3 동,3110787.0,신길 3 동주민센터,골목상권,95882.0
영등포구,영등포동,3110788.0,영등포시장역 3 번,골목상권,10464.0
영등포구,대림 1 동,3110789.0,대림성모병원,골목상권,86491.0
영등포구,신길 5 동,3110790.0,대림 1 동주민센터,골목상권,115306.0
영등포구,신길 5 동,3110791.0,신풍역 3 번,골목상권,21697.0
영등포구,도림동,3110792.0,영등포역 2 번,골목상권,129915.0
영등포구,대림 1 동,3110793.0,대림썬프라자,골목상권,9883.0
영등포구,당산 2 동,3110794.0,영동초등학교,골목상권,81298.0
영등포구,신길 3 동,3110795.0,도림초등학교,골목상권,68722.0
영등포구,영등포동,3110796.0,한림대학교한강성심병원,골목상권,24293.0
영등포구,신길 6 동,3110797.0,KT 대방빌딩,골목상권,8947.0
영등포구,신길 6 동,3110798.0,신풍역 2 번,골목상권,21568.0
영등포구,영등포본동,3110799.0,영등포본동주민센터,골목상권,29319.0
영등포구,영등포동,3110800.0,영등포동성당,골목상권,33962.0
영등포구,신길 6 동,3110801.0,신풍역 6 번(신길 6 동공영주차장),골목상권,14185.0
영등포구,신길 4 동,3110802.0,신길동홍어거리,골목상권,44973.0
영등포구,영등포본동,3110803.0,신길 2 동우편취급국,골목상권,97248.0
영등포구,신길 6 동,3110804.0,신풍역 1 번,골목상권,83571.0
영등포구,신길 4 동,3110805.0,신길새마을금고신길 4 동지점,골목상권,27917.0
영등포구,영등포동,3110806.0,서울시립영등포장애인복지관,골목상권,14104.0
영등포구,영등포동,3110807.0,신길역 3 번,골목상권,44675.0
영등포구,영등포본동,3110808.0,신길역 1 번,골목상권,31907.0
영등포구,영등포본동,3110809.0,장훈고등학교,골목상권,31824.0
영등포구,신길 1 동,3110810.0,영신초등학교,골목상권,117632.0
영등포구,신길 6 동,3110811.0,보라매역 4 번,골목상권,44661.0
영등포구,신길 6 동,3110812.0,신길 6 동주민센터,골목상권,59185.0
영등포구,신길 7 동,3110813.0,보라매역 6 번,골목상권,100264.0
영등포구,신길 7 동,3110814.0,서울지방병무청,골목상권,141531.0
영등포구,신길 1 동,3110815.0,공군호텔,골목상권,182950.0
영등포구,신길 1 동,3110816.0,대방역 6 번,골목상권,92336.0
영등포구,신길 1 동,3110817.0,대방역 4 번,골목상권,51645.0
동작구,신대방 1 동,3110818.0,신대방역 3 번,골목상권,49264.0
동작구,신대방 1 동,3110819.0,신대방역 4 번,골목상권,181264.0
동작구,대방동,3110820.0,성남고등학교,골목상권,100016.0
동작구,신대방 2 동,3110821.0,보라매역 2 번,골목상권,128484.0
동작구,대방동,3110822.0,신대방삼거리역 4 번(대림초등학교),골목상권,91041.0
동작구,신대방 2 동,3110823.0,신대방삼거리역 3 번,골목상권,88509.0
동작구,대방동,3110824.0,대방역 3 번,골목상권,46862.0
동작구,상도 3 동,3110825.0,신대방삼거리역 1 번,골목상권,182490.0
동작구,상도 2 동,3110826.0,장승배기역 4 번,골목상권,115676.0
동작구,상도 4 동,3110827.0,NH 농협은행 상도동지점,골목상권,68956.0
동작구,노량진 2 동,3110828.0,노량진역 6 번,골목상권,236972.0
동작구,노량진 2 동,3110829.0,장승배기역 5 번,골목상권,92311.0
동작구,상도 4 동,3110830.0,상도초등학교,골목상권,126620.0
동작구,상도 4 동,3110831.0,상도 4 동주민센터,골목상권,56494.0
동작구,노량진 1 동,3110832.0,노량진초등학교,골목상권,100857.0
동작구,상도 2 동,3110833.0,상도역 2 번,골목상권,54544.0
동작구,노량진 1 동,3110834.0,동작구자원봉사센터,골목상권,33607.0
동작구,상도 1 동,3110835.0,상도역 1 번,골목상권,39906.0
동작구,상도 1 동,3110836.0,상도역 5 번,골목상권,239852.0
동작구,상도 1 동,3110837.0,숭실대입구역 1 번,골목상권,148274.0
동작구,상도 1 동,3110838.0,상도 1 동주민센터앞,골목상권,13134.0
동작구,상도 1 동,3110839.0,숭실대입구역 4 번,골목상권,68786.0
동작구,흑석동,3110840.0,중앙대학교,골목상권,107472.0
동작구,흑석동,3110841.0,중대부중,골목상권,60861.0
동작구,흑석동,3110842.0,흑리단길,골목상권,29278.0
동작구,사당 5 동,3110843.0,사당 5 동주민센터,골목상권,42412.0
동작구,흑석동,3110844.0,흑석 2 치안센터,골목상권,25007.0
동작구,사당 3 동,3110845.0,사당종합체육관,골목상권,33058.0
동작구,사당 4 동,3110846.0,남성역 1 번,골목상권,212396.0
동작구,사당 1 동,3110847.0,예술인마을,골목상권,104588.0
동작구,사당 1 동,3110848.0,양지어린이공원,골목상권,116036.0
동작구,사당 3 동,3110849.0,이수역 10 번,골목상권,119168.0
동작구,사당 1 동,3110850.0,사당역 10 번,골목상권,202958.0
동작구,사당 2 동,3110851.0,경문고등학교(동작동성당),골목상권,115412.0
동작구,사당 1 동,3110852.0,이수역 9 번,골목상권,44183.0
관악구,조원동,3110853.0,KT 구로지사,골목상권,80033.0
관악구,조원동,3110854.0,조원동주민센터,골목상권,47109.0
관악구,조원동,3110855.0,신대방역 2 번,골목상권,155155.0
관악구,미성동,3110856.0,미성초등학교,골목상권,127503.0
관악구,미성동,3110857.0,미성동주민센터,골목상권,113505.0
관악구,신사동,3110858.0,신대방역 1 번,골목상권,23709.0
관악구,난향동,3110859.0,난향초등학교,골목상권,77274.0
관악구,미성동,3110860.0,호림박물관(성보고등학교),골목상권,69058.0
관악구,신사동,3110861.0,관악구신사동주민센터,골목상권,200822.0
관악구,난곡동,3110862.0,"난곡초등학교
(난곡동벽화마을)",골목상권,58047.0
관악구,미성동,3110863.0,난우초등학교,골목상권,109345.0
관악구,신사동,3110864.0,신림우방아파트,골목상권,106563.0
관악구,난곡동,3110865.0,남강고등학교(남강중학교),골목상권,181632.0
관악구,난곡동,3110866.0,난우중학교,골목상권,139406.0
관악구,신원동,3110867.0,국제신학대학원대학교 (남서울중학교),골목상권,95938.0
관악구,신사동,3110868.0,남부초등학교,골목상권,87679.0
관악구,신림동,3110869.0,"신림역 5 번(신림동주민센터,
신림동별빛거리)",골목상권,194701.0
관악구,삼성동,3110870.0,신림주공 2 단지(광신고등학교),골목상권,26565.0
관악구,신원동,3110871.0,신원동주민센터,골목상권,49950.0
관악구,신원동,3110872.0,신림초등학교,골목상권,53857.0
관악구,보라매동,3110873.0,당곡중학교,골목상권,132683.0
관악구,삼성동,3110874.0,"원신초등학교
(구세군관악영문교회)",골목상권,110847.0
관악구,보라매동,3110875.0,"보라매동주민센터
(당곡고등학교)",골목상권,62226.0
관악구,서원동,3110876.0,"서원동주민센터
(신관중학교)",골목상권,59122.0
관악구,신림동,3110877.0,신림역 8 번,골목상권,103978.0
관악구,삼성동,3110878.0,미림여고,골목상권,45308.0
관악구,삼성동,3110879.0,신림현대아파트,골목상권,51568.0
관악구,서원동,3110880.0,신림역 1 번,골목상권,38288.0
관악구,대학동,3110881.0,"구립대학경로당
(관악산샘말공원)",골목상권,234224.0
관악구,서림동,3110882.0,신성초등학교,골목상권,147004.0
관악구,보라매동,3110883.0,은천초등학교(은천교앞),골목상권,111515.0
관악구,은천동,3110884.0,"봉천역 4 번
(봉천 110 안전센터)",골목상권,43849.0
관악구,서림동,3110885.0,영락고등학교,골목상권,138911.0
관악구,서림동,3110886.0,관악해태어린이공원,골목상권,78673.0
관악구,대학동,3110887.0,"서울산업정보학교
(서울삼성초등학교)",골목상권,56397.0
관악구,청룡동,3110888.0,청룡동주민센터,골목상권,38688.0
관악구,은천동,3110889.0,봉천역 6 번,골목상권,42797.0
관악구,청룡동,3110890.0,봉천역 1 번(관악초등학교),골목상권,53715.0
관악구,성현동,3110891.0,구암초등학교,골목상권,40509.0
관악구,중앙동,3110892.0,관악구 중앙길,골목상권,259916.0
관악구,청룡동,3110893.0,관악소방서(문영여고),골목상권,16048.0
관악구,성현동,3110894.0,"관악동부센트레빌아파트
(은천로 35 라길)",골목상권,30920.0
관악구,낙성대동,3110895.0,샤로수길,골목상권,315417.0
관악구,행운동,3110896.0,관악우성아파트,골목상권,23731.0
관악구,행운동,3110897.0,서울대입구역 8 번,골목상권,115911.0
관악구,청림동,3110898.0,"청림동주민센터
(상도중학교)",골목상권,57942.0
관악구,행운동,3110899.0,낙성대역 5 번(관악중학교),골목상권,73363.0
관악구,인헌동,3110900.0,낙성대역 1 번 (관악구민 종합체육센터),골목상권,111817.0
관악구,인헌동,3110901.0,인헌고등학교(인헌중학교),골목상권,92180.0
관악구,남현동,3110902.0,사당역 4 번,골목상권,250733.0
서초구,방배본동,3110903.0,방배아이파크아파트,골목상권,92803.0
서초구,방배 2 동,3110904.0,이수역 5 번,골목상권,47127.0
서초구,방배 2 동,3110905.0,방배노인종합복지관(이수중학교),골목상권,76869.0
서초구,방배 4 동,3110906.0,서문여고,골목상권,37319.0
서초구,방배 4 동,3110907.0,방배초등학교,골목상권,103888.0
서초구,반포본동,3110908.0,구반포역,골목상권,28724.0
서초구,방배 2 동,3110909.0,남태령역(서울전자고등학교),골목상권,73654.0
서초구,방배 4 동,3110910.0,내방역 5 번,골목상권,60073.0
서초구,방배 3 동,3110911.0,방배배수지체육공원,골목상권,282743.0
서초구,방배본동,3110912.0,방배동사이길,골목상권,26478.0
서초구,방배 3 동,3110913.0,"방현초등학교
(방배 119 안전센터)",골목상권,148771.0
서초구,방배 4 동,3110914.0,내방역 6 번,골목상권,16286.0
서초구,방배본동,3110915.0,서래초등학교,골목상권,76657.0
서초구,방배 1 동,3110916.0,내방역 4 번,골목상권,103116.0
서초구,반포 4 동,3110917.0,서초소방서,골목상권,48294.0
서초구,방배 1 동,3110918.0,방배역 3 번,골목상권,62846.0
서초구,방배 4 동,3110919.0,내방역 8 번,골목상권,88173.0
서초구,방배 3 동,3110920.0,"방배역 2 번
(백석예술대학교)",골목상권,15874.0
서초구,반포 4 동,3110921.0,서울프랑스학교,골목상권,35625.0
서초구,방배 1 동,3110922.0,내방역 1 번,골목상권,62116.0
서초구,방배 3 동,3110923.0,방배역 1 번,골목상권,14707.0
서초구,반포 4 동,3110924.0,반포 4 동주민센터(몽마르뜨공원),골목상권,75392.0
서초구,서초 3 동,3110925.0,서초중학교,골목상권,71878.0
서초구,서초 3 동,3110926.0,신중초등학교,골목상권,98883.0
서초구,잠원동,3110927.0,잠원역,골목상권,60236.0
서초구,서초 3 동,3110928.0,서초우방유쉘아파트,골목상권,22283.0
서초구,서초 1 동,3110929.0,남부터미널역 1 번,골목상권,186714.0
서초구,서초 1 동,3110930.0,서초동성당,골목상권,98532.0
서초구,양재 1 동,3110931.0,"삼성전자서울 R&D
(서울우면초등학교)",골목상권,44205.0
서초구,서초 1 동,3110932.0,서울시인재개발원,골목상권,40038.0
서초구,서초 1 동,3110933.0,한국상담대학원대학교,골목상권,24916.0
서초구,양재 1 동,3110934.0,우면주공아파트,골목상권,80617.0
서초구,서초 2 동,3110935.0,한전아트센터,골목상권,32304.0
서초구,양재 2 동,3110936.0,"더케이호텔
(양재리본타워 2 단지아파트)",골목상권,43233.0
서초구,양재 1 동,3110937.0,"방아다리근린공원
(횃불트리니티신학대학원대학교)",골목상권,40444.0
서초구,양재 1 동,3110938.0,바우뫼공원,골목상권,38156.0
서초구,양재 1 동,3110939.0,양재역 8 번(양재동우체국),골목상권,218114.0
서초구,양재 2 동,3110940.0,양재근린공원(양재 2 동주민센터),골목상권,32454.0
서초구,양재 2 동,3110941.0,언남고등학교,골목상권,23167.0
서초구,양재 2 동,3110942.0,염곡동구룡사(포이동성당),골목상권,252432.0
서초구,양재 2 동,3110943.0,"법제교육센터
(버들어린이공원)",골목상권,57521.0
서초구,내곡동,3110944.0,서울나래학교(염곡어린이공원),골목상권,70228.0
서초구,내곡동,3110945.0,"본마을노인복지센터
(서초구립내곡도서관)",골목상권,104024.0
서초구,양재 2 동,3110946.0,청계산원터골,골목상권,17189.0
서초구,내곡동,3110947.0,청계산입구역 2 번(내곡동주민센터),골목상권,84941.0
서초구,내곡동,3110948.0,헌인가구단지,골목상권,198674.0
강남구,신사동,3110949.0,한남 IC,골목상권,62126.0
강남구,논현 1 동,3110950.0,논현역 7 번,골목상권,46164.0
강남구,신사동,3110951.0,신사은행나무공원,골목상권,29000.0
강남구,논현 1 동,3110952.0,논현목련공원,골목상권,21629.0
강남구,논현 1 동,3110953.0,학동근린공원,골목상권,92947.0
강남구,역삼 1 동,3110954.0,국기원,골목상권,39799.0
강남구,논현 1 동,3110955.0,논현초등학교,골목상권,190913.0
강남구,역삼 1 동,3110956.0,언주역 8 번,골목상권,71587.0
강남구,논현 2 동,3110957.0,언북중학교,골목상권,94815.0
강남구,역삼 1 동,3110958.0,역삼역 4 번,골목상권,73119.0
강남구,압구정동,3110959.0,신구중학교,골목상권,35960.0
강남구,도곡 1 동,3110960.0,은광여고,골목상권,25543.0
강남구,논현 2 동,3110961.0,언주역 3 번,골목상권,63031.0
강남구,압구정동,3110962.0,도산공원북측,골목상권,10044.0
강남구,역삼 1 동,3110963.0,역삼월드메르디앙아파트,골목상권,40391.0
강남구,도곡 1 동,3110964.0,싸리고개근린공원,골목상권,21894.0
강남구,역삼 1 동,3110965.0,언주역 6 번,골목상권,65108.0
강남구,논현 2 동,3110966.0,논현 2 동주민센터,골목상권,93545.0
강남구,역삼 1 동,3110967.0,역삼역 8 번,골목상권,68672.0
강남구,논현 2 동,3110968.0,강남구청역 2 번,골목상권,43750.0
강남구,역삼 2 동,3110969.0,베르사이유 1 아파트,골목상권,55302.0
강남구,논현 2 동,3110970.0,학동초등학교,골목상권,50014.0
강남구,역삼 1 동,3110971.0,선정릉역 4 번,골목상권,133222.0
강남구,역삼 2 동,3110972.0,강남세브란스병원미래의학연구센터,골목상권,46603.0
강남구,청담동,3110973.0,강남구청역 4 번,골목상권,66136.0
강남구,삼성 2 동,3110974.0,언주중학교,골목상권,35151.0
강남구,도곡 1 동,3110975.0,매봉역 1 번,골목상권,52363.0
강남구,청담동,3110976.0,언북초등학교,골목상권,55724.0
강남구,개포 4 동,3110977.0,논현로 18 길,골목상권,17288.0
강남구,도곡 2 동,3110978.0,도곡 2 동주민센터(대치중학교),골목상권,14234.0
강남구,청담동,3110979.0,청담초등학교,골목상권,63403.0
강남구,개포 4 동,3110980.0,개포지구대옆,골목상권,85828.0
강남구,개포 4 동,3110981.0,국악고교사거리,골목상권,67409.0
강남구,삼성 2 동,3110982.0,강남구보훈회관,골목상권,19865.0
강남구,개포 4 동,3110983.0,국립국악고등학교,골목상권,56042.0
강남구,개포 4 동,3110984.0,"포이초등학교
(개포목련어린이공원)",골목상권,137098.0
강남구,청담동,3110985.0,청담근린공원,골목상권,43265.0
강남구,삼성 2 동,3110986.0,삼성중앙역 7 번,골목상권,15944.0
강남구,청담동,3110987.0,영동대교남단,골목상권,31393.0
강남구,삼성 1 동,3110988.0,청담역 3 번,골목상권,79185.0
강남구,대치 4 동,3110989.0,대치동아우편취급국,골목상권,40587.0
강남구,청담동,3110990.0,청담역 12 번,골목상권,10107.0
강남구,삼성 1 동,3110991.0,삼성중앙역 5 번,골목상권,26622.0
강남구,대치 4 동,3110992.0,도곡초등학교,골목상권,138866.0
강남구,개포 1 동,3110993.0,개포지하차도 북측,골목상권,37865.0
강남구,개포 2 동,3110994.0,개포고등학교,골목상권,61589.0
강남구,삼성 1 동,3110995.0,봉은사역 4 번,골목상권,122757.0
강남구,대치 2 동,3110996.0,대치 2 동주민센터,골목상권,112841.0
강남구,일원 1 동,3110997.0,대청초등학교,골목상권,236964.0
강남구,세곡동,3110998.0,은곡마을(은곡마을공원),골목상권,116896.0
강남구,세곡동,3110999.0,윗방죽마을공원,골목상권,239797.0
강남구,세곡동,3111000.0,대왕초등학교(세곡동사거리서남측),골목상권,52892.0
강남구,세곡동,3111001.0,아래방죽마을공원(율현초등학교),골목상권,159591.0
강남구,세곡동,3111002.0,한국교통안전공단 강남자동차검사소,골목상권,59241.0
송파구,잠실본동,3111003.0,삼전역 4 번,골목상권,272855.0
송파구,잠실본동,3111004.0,삼전역 1 번,골목상권,245561.0
송파구,삼전동,3111005.0,삼전역 3 번,골목상권,193689.0
송파구,삼전동,3111006.0,석촌고분역 1 번,골목상권,182032.0
송파구,삼전동,3111007.0,석촌고분역 4 번,골목상권,163064.0
송파구,석촌동,3111008.0,석촌고분역 3 번,골목상권,104883.0
송파구,석촌동,3111009.0,송파책박물관,골목상권,34040.0
송파구,석촌동,3111010.0,석촌역 7 번,골목상권,200178.0
송파구,잠실 4 동,3111011.0,잠실나루역,골목상권,25839.0
송파구,석촌동,3111012.0,석촌역 6 번,골목상권,120754.0
송파구,송파 1 동,3111013.0,송파나루역 1 번(송리단길),골목상권,191523.0
송파구,방이 2 동,3111014.0,송파나루역 2 번,골목상권,72714.0
송파구,송파 1 동,3111015.0,석촌역 3 번,골목상권,226584.0
송파구,송파 2 동,3111016.0,송파역 2 번,골목상권,99527.0
송파구,방이 2 동,3111017.0,송파나루역 3 번,골목상권,32806.0
송파구,풍납 1 동,3111018.0,"풍납초등학교
(풍납백제문화공원)",골목상권,27101.0
송파구,방이 2 동,3111019.0,한성백제역 3 번,골목상권,182798.0
송파구,방이 1 동,3111020.0,"방이동고분군
(방산고등학교)",골목상권,28997.0
송파구,방이 1 동,3111021.0,방이역 4 번,골목상권,324278.0
송파구,가락본동,3111022.0,석촌중학교(방이육교),골목상권,80535.0
송파구,문정 1 동,3111023.0,문정역 1 번,골목상권,61838.0
송파구,가락본동,3111024.0,경찰병원역 4 번(건너말공원),골목상권,34910.0
송파구,가락 2 동,3111025.0,경찰병원역 3 번,골목상권,59147.0
송파구,문정 1 동,3111026.0,문정역 2 번,골목상권,123212.0
송파구,문정 1 동,3111027.0,문정초등학교,골목상권,124929.0
송파구,장지동,3111028.0,문현중학교(장지역 1 번),골목상권,53688.0
송파구,가락 2 동,3111029.0,오금역 4 번,골목상권,43089.0
송파구,오금동,3111030.0,방이역 2 번,골목상권,50911.0
송파구,장지동,3111031.0,장지동주민센터(한림연예예술고교),골목상권,83345.0
송파구,오금동,3111032.0,방이역 1 번,골목상권,77913.0
송파구,장지동,3111033.0,문정동성당,골목상권,23375.0
송파구,오금동,3111034.0,오동나무공원(송파레미니스 1 단지),골목상권,139482.0
송파구,오금동,3111035.0,오금공원(오주중학교),골목상권,95041.0
송파구,가락 2 동,3111036.0,투구봉어린이공원,골목상권,31938.0
송파구,오금동,3111037.0,"Sh 수협은행 오금동금융센터
(아랫말어린이공원)",골목상권,27617.0
송파구,오금동,3111038.0,보인중학교,골목상권,83602.0
송파구,오금동,3111039.0,벌말어린이공원,골목상권,63272.0
송파구,오금동,3111040.0,거여초등학교,골목상권,57097.0
송파구,거여 1 동,3111041.0,거여역 8 번,골목상권,12895.0
송파구,거여 1 동,3111042.0,거여역 1 번(거여공원),골목상권,146365.0
송파구,마천 2 동,3111043.0,마천공원,골목상권,67894.0
송파구,마천 2 동,3111044.0,남천초등학교,골목상권,129883.0
송파구,위례동,3111045.0,개미어린이공원,골목상권,42008.0
송파구,마천 1 동,3111046.0,마천역(마천초등학교),골목상권,209850.0
송파구,마천 1 동,3111047.0,마천 1 치안센터,골목상권,131215.0
강동구,천호 2 동,3111048.0,천호역 1 번(천호문구완구거리),골목상권,69265.0
강동구,천호 2 동,3111049.0,천호지구대(천호동자전거거리),골목상권,110424.0
강동구,성내 1 동,3111050.0,강동구청(강동구청역 2 번),골목상권,19565.0
강동구,성내 2 동,3111051.0,천호역 6 번,골목상권,159647.0
강동구,천호 2 동,3111052.0,암사역 3 번(천호동자전거거리),골목상권,129295.0
강동구,성내 1 동,3111053.0,성내천어린이공원(하니사랑길),골목상권,139845.0
강동구,암사 2 동,3111054.0,암사역 4 번(삼성광나루아파트),골목상권,15538.0
강동구,암사 2 동,3111055.0,선사초등학교,골목상권,11026.0
강동구,천호 3 동,3111056.0,천호태영아파트,골목상권,31985.0
강동구,천호 2 동,3111057.0,천호공원(해공체육문화센터),골목상권,116161.0
강동구,성내 1 동,3111058.0,성내중학교,골목상권,39694.0
강동구,성내 2 동,3111059.0,강동역 4 번(강풀만화거리),골목상권,282300.0
강동구,천호 2 동,3111060.0,암사역 2 번(서울강동초등학교),골목상권,219221.0
강동구,암사 1 동,3111061.0,암사역 1 번,골목상권,175331.0
강동구,성내 3 동,3111062.0,둔촌동역 3 번(성내 3 동주민센터),골목상권,106811.0
강동구,천호 3 동,3111063.0,강동구립 천호도서관,골목상권,150522.0
강동구,성내 3 동,3111064.0,둔촌동역 4 번,골목상권,51128.0
강동구,천호 3 동,3111065.0,천일초등학교,골목상권,62233.0
강동구,암사 1 동,3111066.0,"암사동성당
(효정하나플러스아파트)",골목상권,106562.0
강동구,성내 3 동,3111067.0,강동구립성내도서관,골목상권,203966.0
강동구,길동,3111068.0,강동성심병원,골목상권,19646.0
강동구,천호 1 동,3111069.0,천호 1 동주민센터,골목상권,110491.0
강동구,천호 1 동,3111070.0,천호초등학교,골목상권,59080.0
강동구,길동,3111071.0,천동초등학교,골목상권,35500.0
강동구,천호 1 동,3111072.0,굽은다리역 1 번(십자성마을),골목상권,153254.0
강동구,둔촌 2 동,3111073.0,둔촌동역 1 번(한산중학교),골목상권,179874.0
강동구,암사 1 동,3111074.0,명일역 1 번,골목상권,49436.0
강동구,천호 1 동,3111075.0,굽은다리역 2 번,골목상권,87782.0
강동구,둔촌 2 동,3111076.0,둔촌 2 동주민센터,골목상권,60068.0
강동구,길동,3111077.0,길동주민센터(강동도서관),골목상권,247203.0
강동구,길동,3111078.0,굽은다리역 4 번,골목상권,207328.0
강동구,둔촌 2 동,3111079.0,둔촌고등학교(둔촌중학교),골목상권,66695.0
강동구,명일 1 동,3111080.0,굽은다리역 3 번,골목상권,83549.0
강동구,둔촌 2 동,3111081.0,둔촌푸르지오아파트,골목상권,17651.0
강동구,둔촌 2 동,3111082.0,중앙보훈병원,골목상권,21834.0
강동구,길동,3111083.0,GS 강동자이아파트,골목상권,81524.0
강동구,길동,3111084.0,길동신동아아파트,골목상권,20962.0
강동구,고덕 1 동,3111085.0,묘곡초등학교(고덕아이파크아파트),골목상권,144712.0
강동구,명일 2 동,3111086.0,한영중고,골목상권,75463.0
강동구,고덕 2 동,3111087.0,고덕중학교(고덕 2 동주민센터),골목상권,63497.0
강동구,고덕 2 동,3111088.0,고덕동성당,골목상권,71669.0
강동구,상일동,3111089.0,상일여고(상일초등학교),골목상권,126943.0
강동구,강일동,3111090.0,강일동주민센터,골목상권,29486.0
종로구,교남동,3120001.0,서대문역,발달상권,148292.0
종로구,사직동,3120002.0,서촌(경복궁역),발달상권,176637.0
종로구,사직동,3120003.0,광화문역,발달상권,394522.0
종로구,종로 1·2·3·4 가동,3120004.0,종로구청,발달상권,124067.0
종로구,삼청동,3120005.0,삼청동,발달상권,251643.0
종로구,종로 1·2·3·4 가동,3120006.0,종각역,발달상권,270326.0
종로구,가회동,3120007.0,북촌(안국역),발달상권,197675.0
종로구,종로 1·2·3·4 가동,3120008.0,인사동,발달상권,182319.0
종로구,종로 1·2·3·4 가동,3120009.0,종로 3 가역,발달상권,401520.0
종로구,종로 1·2·3·4 가동,3120010.0,원남동사거리,발달상권,99120.0
종로구,종로 1·2·3·4 가동,3120011.0,종로 4 가,발달상권,115988.0
종로구,혜화동,3120012.0,대학로(혜화역),발달상권,256888.0
종로구,이화동,3120013.0,이화사거리,발달상권,134283.0
종로구,종로 5·6 가동,3120014.0,종로 5 가역,발달상권,136026.0
종로구,종로 5·6 가동,3120015.0,종로 6 가,발달상권,53940.0
종로구,창신 1 동,3120016.0,동대문역,발달상권,58788.0
종로구,창신 1 동,3120017.0,동묘앞역(동묘),발달상권,71198.0
중구,중림동,3120018.0,중림동,발달상권,144683.0
중구,소공동,3120019.0,경찰청앞교차로,발달상권,90827.0
중구,소공동,3120020.0,시청역_1 번,발달상권,58426.0
중구,소공동,3120021.0,시청역_8 번,발달상권,132689.0
중구,소공동,3120022.0,북창동(시청역_6 번),발달상권,108517.0
중구,명동,3120023.0,서울시청,발달상권,88816.0
중구,회현동,3120024.0,회현역,발달상권,106867.0
중구,소공동,3120025.0,"롯데백화점
(시청광장 지하쇼핑센터)",발달상권,75261.0
중구,명동,3120026.0,을지로입구역,발달상권,200306.0
중구,명동,3120027.0,명동역(명동재미로),발달상권,157156.0
중구,명동,3120028.0,명동(명동거리),발달상권,221515.0
중구,명동,3120029.0,을지로 2 가,발달상권,56876.0
중구,명동,3120030.0,중부경찰서(영화인의거리),발달상권,137954.0
중구,을지로동,3120031.0,을지로 3 가역,발달상권,254774.0
중구,필동,3120032.0,충무로역,발달상권,236516.0
중구,을지로동,3120033.0,을지로 4 가역,발달상권,85528.0
중구,광희동,3120034.0,중구청(퇴계로 4 가),발달상권,95213.0
중구,광희동,3120035.0,퇴계로 5 가,발달상권,48951.0
중구,장충동,3120036.0,장충동족발거리(남소영길),발달상권,88202.0
중구,광희동,3120037.0,동대문역사문화공원역,발달상권,370638.0
중구,다산동,3120038.0,약수역,발달상권,136837.0
중구,신당동,3120039.0,신당역,발달상권,198976.0
용산구,원효로 2 동,3120040.0,용산전자상가(용산역),발달상권,365025.0
용산구,한강로동,3120041.0,신용산역(용산역),발달상권,1031423.0
용산구,남영동,3120042.0,"숙대입구역(남영역, 남영동)",발달상권,87154.0
중구,회현동,3120043.0,서울역,발달상권,435455.0
용산구,한강로동,3120044.0,삼각지역,발달상권,134419.0
용산구,남영동,3120045.0,남영동 먹자골목,발달상권,66870.0
용산구,이태원 1 동,3120046.0,이태원(이태원역),발달상권,283429.0
용산구,한남동,3120047.0,한남오거리,발달상권,156210.0
성동구,금호 4 가동,3120048.0,금호역,발달상권,61031.0
성동구,행당 1 동,3120049.0,왕십리역(왕십리),발달상권,193725.0
성동구,성수 1 가 1 동,3120050.0,서울숲역,발달상권,58913.0
성동구,성수 1 가 2 동,3120051.0,뚝섬역,발달상권,218163.0
성동구,성수 2 가 3 동,3120052.0,성수역,발달상권,298939.0
광진구,화양동,3120053.0,건대입구역(건대),발달상권,275082.0
광진구,화양동,3120054.0,어린이대공원역,발달상권,145202.0
광진구,군자동,3120055.0,군자역,발달상권,288693.0
광진구,구의 1 동,3120056.0,구의역,발달상권,158734.0
광진구,능동,3120057.0,아차산역,발달상권,201257.0
광진구,구의 1 동,3120058.0,구의사거리,발달상권,92657.0
광진구,구의 3 동,3120059.0,구삼강변맛길,발달상권,108961.0
광진구,구의 3 동,3120060.0,강변역(테크노마트),발달상권,127108.0
광진구,구의 3 동,3120061.0,올림픽대교북단,발달상권,47188.0
동대문구,용신동,3120062.0,신설동역,발달상권,271900.0
동대문구,전농 1 동,3120063.0,청량리역(청량리),발달상권,316933.0
동대문구,회기동,3120064.0,경희대학교(경희대),발달상권,48567.0
동대문구,휘경 1 동,3120065.0,회기역,발달상권,127203.0
동대문구,장안 1 동,3120066.0,장한평역(장한평),발달상권,450074.0
동대문구,장안 2 동,3120067.0,장안동사거리,발달상권,219588.0
중랑구,면목 3·8 동,3120068.0,사가정역,발달상권,35712.0
중랑구,상봉 2 동,3120069.0,상봉역,발달상권,205828.0
성북구,삼선동,3120070.0,한성대입구역,발달상권,80065.0
성북구,삼선동,3120071.0,성북구청,발달상권,50039.0
성북구,동선동,3120072.0,성신여대,발달상권,197286.0
성북구,월곡 1 동,3120073.0,미아사거리,발달상권,90503.0
성북구,안암동,3120074.0,안암역,발달상권,27617.0
성북구,월곡 2 동,3120075.0,월곡역,발달상권,94516.0
강북구,미아동,3120077.0,미아역,발달상권,93348.0
강북구,송중동,3120078.0,미아사거리역,발달상권,94178.0
도봉구,창 4 동,3120079.0,창동역,발달상권,96097.0
노원구,상계 9 동,3120080.0,마들역,발달상권,38976.0
노원구,상계 2 동,3120081.0,노원역,발달상권,267693.0
노원구,상계 6·7 동,3120082.0,상계백병원,발달상권,38882.0
노원구,중계 2·3 동,3120083.0,등나무근린공원,발달상권,125820.0
노원구,공릉 1 동,3120084.0,공릉역,발달상권,81040.0
노원구,중계본동,3120085.0,은행사거리,발달상권,61587.0
노원구,공릉 1 동,3120086.0,태릉입구역,발달상권,72480.0
은평구,신사 1 동,3120087.0,응암역,발달상권,58470.0
은평구,갈현 2 동,3120088.0,구산역,발달상권,59372.0
은평구,진관동,3120089.0,구파발역,발달상권,130434.0
은평구,불광 2 동,3120090.0,연신내역,발달상권,134415.0
은평구,응암 1 동,3120091.0,본서부병원,발달상권,113175.0
은평구,대조동,3120092.0,불광역,발달상권,61492.0
서대문구,연희동,3120093.0,연희동,발달상권,111829.0
서대문구,신촌동,3120094.0,"신촌역(신촌역, 신촌로터리)",발달상권,343829.0
서대문구,홍제 1 동,3120095.0,홍제역,발달상권,100614.0
서대문구,신촌동,3120096.0,"이화여대(이대역, 이대)",발달상권,151417.0
서대문구,충현동,3120097.0,충정로역,발달상권,59549.0
마포구,상암동,3120098.0,DMC(디지털미디어시티),발달상권,347758.0
마포구,성산 2 동,3120099.0,월드컵경기장역(월드컵경기장),발달상권,269851.0
마포구,서교동,3120100.0,망원역,발달상권,67876.0
마포구,합정동,3120101.0,합정역,발달상권,251511.0
마포구,서교동,3120102.0,서교동(홍대),발달상권,246429.0
마포구,서교동,3120103.0,홍대입구역(홍대),발달상권,461923.0
마포구,서교동,3120104.0,연남동(홍대),발달상권,437447.0
마포구,서강동,3120105.0,상수역(홍대),발달상권,102057.0
마포구,용강동,3120106.0,마포역,발달상권,136724.0
마포구,공덕동,3120107.0,공덕역(공덕오거리),발달상권,192218.0
양천구,신정 4 동,3120108.0,신정네거리역,발달상권,184201.0
양천구,신정 1 동,3120109.0,서울남부지방법원,발달상권,112835.0
양천구,신정 4 동,3120110.0,목동역 8 번출구,발달상권,126667.0
강서구,화곡 4 동,3120111.0,목동사거리,발달상권,126109.0
양천구,목 3 동,3120112.0,등촌역,발달상권,183773.0
양천구,목 1 동,3120113.0,오목교역,발달상권,140753.0
양천구,목 5 동,3120114.0,목동신시가지,발달상권,421429.0
강서구,방화 2 동,3120115.0,김포공항역(김포공항),발달상권,700542.0
강서구,공항동,3120116.0,송정역,발달상권,61122.0
강서구,발산 1 동,3120117.0,강서농산물도매시장,발달상권,402585.0
강서구,가양 1 동,3120118.0,마곡역(마곡),발달상권,232166.0
강서구,가양 1 동,3120119.0,발산역(마곡),발달상권,417076.0
강서구,화곡 1 동,3120120.0,화곡역,발달상권,136057.0
강서구,화곡 1 동,3120121.0,까치산역,발달상권,104596.0
강서구,화곡 6 동,3120122.0,강서구청,발달상권,224516.0
구로구,오류 1 동,3120123.0,오류동역,발달상권,209639.0
구로구,개봉 3 동,3120124.0,개봉동 현대아파트,발달상권,150870.0
구로구,구로 2 동,3120125.0,구로역,발달상권,657519.0
구로구,가리봉동,3120126.0,디지털단지오거리,발달상권,51996.0
구로구,구로 5 동,3120127.0,구로구청,발달상권,84927.0
구로구,구로 5 동,3120128.0,신도림역,발달상권,251389.0
구로구,구로 3 동,3120129.0,구로디지털단지,발달상권,460289.0
구로구,구로 3 동,3120130.0,구로디지털단지역,발달상권,168688.0
금천구,가산동,3120131.0,가산디지털단지,발달상권,1713620.0
금천구,독산 1 동,3120132.0,독산동,발달상권,530021.0
금천구,시흥 1 동,3120133.0,"서울시흥동우체국
(홈플러스시흥점)",발달상권,56376.0
금천구,독산 3 동,3120134.0,구로전화국,발달상권,169662.0
영등포구,양평 1 동,3120135.0,양평역,발달상권,36584.0
영등포구,당산 1 동,3120136.0,영등포구청역,발달상권,208631.0
영등포구,문래동,3120137.0,문래역(문래로데오거리),발달상권,43658.0
영등포구,당산 2 동,3120138.0,당산 2 동(영등포우체국),발달상권,94477.0
영등포구,대림 3 동,3120139.0,대림 3 동사거리,발달상권,191427.0
영등포구,문래동,3120140.0,문래동주민센터,발달상권,101046.0
영등포구,당산 1 동,3120141.0,영등포청과시장교차로,발달상권,80055.0
영등포구,대림 3 동,3120142.0,대림역,발달상권,142571.0
영등포구,당산 2 동,3120143.0,당산역,발달상권,155541.0
영등포구,영등포동,3120144.0,영중로,발달상권,92713.0
영등포구,영등포동,3120145.0,영등포역(영등포),발달상권,404780.0
영등포구,영등포동,3120146.0,한강성심병원,발달상권,140562.0
동작구,대방동,3120147.0,보라매역,발달상권,93027.0
영등포구,여의동,3120148.0,국회의사당역(국회의사당),발달상권,353915.0
영등포구,여의동,3120149.0,여의도역(여의도),발달상권,598658.0
영등포구,여의동,3120150.0,63 빌딩,발달상권,40709.0
동작구,신대방 2 동,3120151.0,보라매공원,발달상권,119689.0
동작구,대방동,3120152.0,신대방삼거리역,발달상권,112198.0
동작구,노량진 1 동,3120153.0,노량진역(노량진),발달상권,443826.0
동작구,상도 2 동,3120154.0,장승배기역,발달상권,84828.0
동작구,사당 5 동,3120155.0,총신대학교,발달상권,46691.0
동작구,사당 2 동,3120156.0,"총신대입구역(이수, 총신대)",발달상권,246965.0
관악구,신림동,3120157.0,신림역(신림),발달상권,237915.0
관악구,대학동,3120158.0,녹두거리(대학동),발달상권,117372.0
관악구,청룡동,3120159.0,서울대입구역,발달상권,235418.0
서초구,방배 2 동,3120160.0,사당역(사당),발달상권,254257.0
서초구,방배본동,3120161.0,"방배동가구거리
(사당동가구거리)",발달상권,51195.0
서초구,방배본동,3120162.0,방배동카페골목,발달상권,95526.0
서초구,방배 2 동,3120163.0,사당역 11 번 (사당역먹자골목),발달상권,87254.0
서초구,방배 4 동,3120164.0,내방역,발달상권,212543.0
서초구,반포 4 동,3120165.0,"서래마을카페거리
(서래마을)",발달상권,108614.0
서초구,방배 1 동,3120166.0,방배역,발달상권,193617.0
서초구,반포 4 동,3120167.0,고속터미널(고속터미널역),발달상권,320815.0
서초구,서초 3 동,3120168.0,서울고교교차로,발달상권,49689.0
서초구,서초 3 동,3120169.0,서초역,발달상권,242820.0
서초구,반포 4 동,3120170.0,삼호가든사거리,발달상권,100858.0
서초구,서초 3 동,3120171.0,서초 3 동사거리,발달상권,235083.0
서초구,서초 3 동,3120172.0,교대입구교차로,발달상권,222734.0
서초구,서초 1 동,3120173.0,교대역(법원.검찰청),발달상권,396531.0
서초구,잠원동,3120174.0,논현역 5 번,발달상권,70278.0
서초구,서초 1 동,3120175.0,남부터미널역,발달상권,259951.0
서초구,반포 1 동,3120176.0,논현역 4 번,발달상권,130507.0
서초구,반포 1 동,3120177.0,신논현역 1 번,발달상권,140535.0
서초구,잠원동,3120178.0,신사역,발달상권,353066.0
서초구,서초 2 동,3120179.0,양재역,발달상권,348405.0
서초구,양재 2 동,3120180.0,양재화물트럭터미널앞,발달상권,184060.0
서초구,양재 1 동,3120181.0,교육개발원입구사거리,발달상권,120183.0
서초구,양재 2 동,3120182.0,"양재시민의숲역
(양재동꽃시장, aT 센터)",발달상권,301253.0
서초구,양재 1 동,3120183.0,양재천카페거리,발달상권,119809.0
서초구,양재 2 동,3120184.0,포이사거리(삼호물산),발달상권,351949.0
강남구,논현 1 동,3120185.0,논현역,발달상권,321182.0
강남구,신사동,3120186.0,가로수길,발달상권,256688.0
강남구,논현 1 동,3120187.0,신논현역,발달상권,382392.0
강남구,신사동,3120188.0,압구정역,발달상권,251746.0
서초구,서초 2 동,3120189.0,강남역,발달상권,617547.0
강남구,압구정동,3120190.0,강남을지병원,발달상권,295195.0
강남구,논현 1 동,3120191.0,학동역,발달상권,366287.0
강남구,역삼 1 동,3120192.0,뱅뱅사거리,발달상권,317600.0
강남구,압구정동,3120193.0,도산공원교차로,발달상권,185023.0
강남구,논현 2 동,3120194.0,언주역(차병원),발달상권,242446.0
강남구,압구정동,3120195.0,성수대교남단,발달상권,126830.0
강남구,논현 2 동,3120196.0,서울세관,발달상권,185480.0
강남구,역삼 1 동,3120197.0,역삼역,발달상권,562807.0
강남구,역삼 1 동,3120198.0,구역삼세무서,발달상권,291470.0
강남구,역삼 1 동,3120199.0,경복아파트교차로,발달상권,112742.0
강남구,압구정동,3120200.0,학동사거리,발달상권,266597.0
강남구,역삼 1 동,3120201.0,도곡 1 동,발달상권,169293.0
강남구,압구정동,3120202.0,"압구정로데오역
(압구정로데오)",발달상권,265702.0
강남구,논현 2 동,3120203.0,강남구청역,발달상권,173252.0
강남구,역삼 1 동,3120204.0,르네상스호텔사거리,발달상권,160960.0
강남구,도곡 2 동,3120205.0,매봉역,발달상권,122443.0
강남구,역삼 2 동,3120206.0,개나리아파트,발달상권,148412.0
강남구,삼성 2 동,3120207.0,선정릉역,발달상권,323475.0
강남구,청담동,3120208.0,청담사거리,발달상권,331337.0
,,,(청담동명품거리),,
강남구,청담동,3120209.0,"강남구청(청담역_8 번, 강남세무서)",발달상권,134148.0
강남구,삼성 2 동,3120210.0,선릉역,발달상권,360434.0
강남구,대치 4 동,3120211.0,도성초등학교,발달상권,72437.0
강남구,대치 4 동,3120212.0,한티역,발달상권,112734.0
강남구,삼성 2 동,3120213.0,삼성중앙역,발달상권,228925.0
강남구,청담동,3120214.0,영동대교남단교차로,발달상권,89136.0
강남구,삼성 2 동,3120215.0,포스코사거리,발달상권,318626.0
강남구,청담동,3120216.0,경기고교사거리(경기고교앞사거리),발달상권,71695.0
강남구,대치 4 동,3120217.0,대치사거리,발달상권,159411.0
강남구,삼성 1 동,3120218.0,코엑스,발달상권,145396.0
강남구,대치 4 동,3120219.0,은마아파트,발달상권,149660.0
강남구,대치 1 동,3120220.0,대치역,발달상권,163253.0
강남구,삼성 1 동,3120221.0,봉은사역,발달상권,124926.0
강남구,대치 2 동,3120222.0,삼성역,발달상권,356337.0
강남구,대치 2 동,3120223.0,휘문고교사거리,발달상권,133570.0
강남구,수서동,3120224.0,수서역,발달상권,60183.0
송파구,잠실본동,3120225.0,잠실새내역(신천),발달상권,238047.0
송파구,삼전동,3120226.0,석촌고분역,발달상권,129121.0
송파구,잠실 6 동,3120227.0,잠실역,발달상권,526867.0
송파구,송파 1 동,3120228.0,석촌역(석촌호수),발달상권,228150.0
송파구,방이 2 동,3120229.0,방이동먹자골목,발달상권,146694.0
송파구,석촌동,3120230.0,송파사거리(송파역),발달상권,102341.0
송파구,가락 1 동,3120231.0,가락시장,발달상권,615953.0
송파구,방이 2 동,3120232.0,송파나루역,발달상권,60912.0
송파구,방이 2 동,3120233.0,몽촌토성역,발달상권,115003.0
송파구,가락본동,3120234.0,가락시장역,발달상권,165196.0
송파구,문정 2 동,3120235.0,문정역,발달상권,333436.0
송파구,문정 2 동,3120236.0,장지역(가든파이브),발달상권,211338.0
송파구,가락본동,3120237.0,경찰병원역,발달상권,198351.0
송파구,방이 1 동,3120238.0,방이역,발달상권,45610.0
송파구,가락본동,3120239.0,오금역,발달상권,151650.0
송파구,가락 2 동,3120240.0,개롱역,발달상권,107416.0
송파구,거여 2 동,3120241.0,거여역,발달상권,94954.0
강동구,성내 1 동,3120242.0,강동구청역,발달상권,205710.0
강동구,천호 2 동,3120243.0,천호역,발달상권,215270.0
강동구,암사 2 동,3120244.0,암사역,발달상권,80605.0
강동구,성내 3 동,3120245.0,둔촌역,발달상권,165420.0
강동구,길동,3120246.0,길동역,발달상권,242674.0
강동구,천호 1 동,3120247.0,굽은다리역,발달상권,94552.0
강동구,명일 1 동,3120248.0,명일역,발달상권,143099.0
강동구,명일 2 동,3120249.0,고덕역,발달상권,92407.0
종로구,청운효자동,3130001.0,통인시장,전통시장,38280.0
종로구,사직동,3130002.0,"세종마을음식문화거리
(금천교시장)",전통시장,49557.0
종로구,종로 1·2·3·4 가동,3130004.0,낙원시장(낙원지하시장(대일상가)),전통시장,8689.0
종로구,종로 1·2·3·4 가동,3130005.0,세운상가가동,전통시장,17110.0
종로구,종로 1·2·3·4 가동,3130007.0,광장시장(광장전통시장),전통시장,66373.0
종로구,종로 5·6 가동,3130009.0,마전교지하쇼핑센터(구 한일상가),전통시장,4469.0
종로구,종로 5·6 가동,3130010.0,종로신진시장,전통시장,45117.0
종로구,종로 5·6 가동,3130011.0,충신시장,전통시장,17934.0
종로구,종로 5·6 가동,3130012.0,"동대문종합시장 (동대문종합시장 신관,
동대문종합시장 D 동상가)",전통시장,39355.0
종로구,창신 1 동,3130013.0,동대문상가 A 동,전통시장,4486.0
종로구,창신 1 동,3130014.0,동문시장,전통시장,8177.0
종로구,창신 2 동,3130015.0,창신골목시장,전통시장,24588.0
종로구,창신 1 동,3130016.0,동대문상가 B 동,전통시장,4841.0
종로구,창신 1 동,3130017.0,동대문상가 C 동,전통시장,6896.0
종로구,창신 1 동,3130018.0,"동대문문구완구거리
(동대문문구완구시장)",전통시장,38586.0
종로구,창신 1 동,3130019.0,동대문상가 D 동,전통시장,8494.0
종로구,숭인 2 동,3130020.0,동묘시장(동묘벼룩시장),전통시장,31213.0
종로구,숭인 2 동,3130021.0,신설종합시장,전통시장,9800.0
중구,회현동,3130022.0,숭례문수입상가(남대문시장),전통시장,7685.0
중구,회현동,3130024.0,남대문시장(자유상가),전통시장,78068.0
중구,회현동,3130025.0,삼익패션타운(남대문시장),전통시장,17829.0
중구,을지로동,3130031.0,청계천공구상가,전통시장,29341.0
중구,광희동,3130032.0,인현시장,전통시장,19722.0
중구,을지로동,3130033.0,대림상가(청계상가),전통시장,11005.0
중구,필동,3130034.0,필동 골목형상점가,전통시장,2212.0
중구,을지로동,3130035.0,방산종합시장(방산시장),전통시장,99727.0
중구,광희동,3130036.0,중부시장(신중부시장),전통시장,92243.0
중구,광희동,3130038.0,"평화시장(통일상가, 동화상가)",전통시장,133610.0
중구,약수동,3130042.0,약수시장,전통시장,28173.0
중구,신당동,3130046.0,team204(팀 204),전통시장,4222.0
중구,신당동,3130047.0,테크노상가(엘리시움),전통시장,10175.0
중구,신당동,3130048.0,동평화시장,전통시장,8633.0
중구,신당동,3130049.0,신당 미래유산 먹거리 골목형상점가,전통시장,10196.0
중구,신당동,3130050.0,청평화시장,전통시장,14440.0
중구,동화동,3130051.0,동화동 골목형상점가,전통시장,60206.0
중구,황학동,3130052.0,서울중앙시장(신중앙시장),전통시장,70002.0
중구,신당 5 동,3130053.0,백학시장,전통시장,42212.0
중구,황학동,3130054.0,황학동주방가구거리상점가,전통시장,72884.0
중구,황학동,3130055.0,"황학시장
(서울중앙시장, 신중앙시장)",전통시장,39709.0
용산구,용문동,3130056.0,용산용문시장,전통시장,40246.0
용산구,청파동,3130057.0,만리시장,전통시장,6775.0
용산구,이촌 1 동,3130058.0,이촌종합시장,전통시장,7486.0
용산구,후암동,3130059.0,후암시장,전통시장,33290.0
용산구,용산 2 가동,3130060.0,신흥시장,전통시장,3810.0
용산구,이태원 1 동,3130061.0,이태원시장,전통시장,10573.0
용산구,보광동,3130062.0,보광시장,전통시장,10506.0
성동구,금호 2·3 가동,3130063.0,신금호역 골목형상점가,전통시장,15024.0
성동구,금호 2·3 가동,3130064.0,금남시장,전통시장,11274.0
성동구,왕십리 2 동,3130065.0,무학봉상점가,전통시장,69338.0
성동구,행당 1 동,3130066.0,행당시장상점가,전통시장,81008.0
성동구,왕십리도선동,3130067.0,왕십리도선동상점가,전통시장,86695.0
성동구,마장동,3130068.0,마장축산물시장,전통시장,218303.0
성동구,사근동,3130069.0,"한양대앞상점가
(한양시장, 왕십리맛골목)",전통시장,23243.0
성동구,성수 1 가 2 동,3130070.0,뚝섬역상점가,전통시장,56166.0
성동구,성수 2 가 3 동,3130071.0,성수역 골목형상점가,전통시장,10659.0
성동구,용답동,3130072.0,성동용답상가시장,전통시장,118065.0
성동구,성수 2 가 1 동,3130073.0,뚝도시장,전통시장,21456.0
광진구,자양 4 동,3130074.0,영동교골목시장,전통시장,14261.0
광진구,자양 4 동,3130075.0,"노룬산시장
(노룬산골목시장)",전통시장,10816.0
광진구,자양 3 동,3130076.0,능동로골목시장,전통시장,28990.0
광진구,자양 4 동,3130077.0,조양시장,전통시장,5328.0
광진구,화양동,3130078.0,화양제일골목시장,전통시장,18616.0
광진구,화양동,3130079.0,한아름시장,전통시장,11040.0
광진구,자양 2 동,3130080.0,자양종합시장(기능상실),전통시장,6160.0
광진구,자양 1 동,3130081.0,자양골목전통시장(자양골목시장),전통시장,43688.0
광진구,중곡 3 동,3130082.0,면곡골목시장,전통시장,7793.0
광진구,중곡 1 동,3130083.0,"중곡제일시장
(중곡제일골목시장, 광성시장)",전통시장,41751.0
광진구,중곡 4 동,3130084.0,신성시장(신성골목시장),전통시장,16181.0
동대문구,용신동,3130085.0,용두시장,전통시장,5527.0
동대문구,제기동,3130086.0,서울약령시장,전통시장,165313.0
동대문구,제기동,3130087.0,경동광성상가(경동시장),전통시장,20976.0
동대문구,제기동,3130088.0,경동시장,전통시장,21323.0
동대문구,용신동,3130089.0,청량리수산시장,전통시장,30328.0
동대문구,제기동,3130090.0,청량리종합시장,전통시장,24349.0
동대문구,제기동,3130091.0,청량종합도매시장,전통시장,45678.0
동대문구,제기동,3130092.0,청량리농수산물시장,전통시장,32477.0
동대문구,제기동,3130093.0,동서시장,전통시장,4579.0
동대문구,제기동,3130094.0,청량리청과물시장,전통시장,28297.0
동대문구,제기동,3130095.0,청량리전통시장,전통시장,30889.0
동대문구,답십리 1 동,3130096.0,동부시장,전통시장,6617.0
동대문구,답십리 1 동,3130097.0,답십리 건축자재시장,전통시장,51943.0
동대문구,회기동,3130098.0,회기시장,전통시장,32212.0
동대문구,전농 1 동,3130099.0,전농로터리시장,전통시장,21809.0
동대문구,답십리 2 동,3130100.0,답십리시장,전통시장,22189.0
동대문구,답십리 1 동,3130101.0,답십리현대시장,전통시장,18344.0
동대문구,이문 2 동,3130102.0,이문제일시장,전통시장,7291.0
동대문구,휘경 1 동,3130103.0,이경시장,전통시장,11622.0
동대문구,장안 2 동,3130104.0,전곡시장,전통시장,26448.0
중랑구,중화 2 동,3130105.0,"장미제일시장
(중화동제일시장)",전통시장,26867.0
중랑구,면목 2 동,3130106.0,중랑동부시장,전통시장,50468.0
중랑구,상봉 2 동,3130107.0,중랑동부시장 (중랑교종합상가),전통시장,7887.0
중랑구,중화 2 동,3130108.0,태능엔터피아(태릉시장),전통시장,4443.0
중랑구,묵 1 동,3130109.0,묵 1 동도깨비시장,전통시장,29000.0
중랑구,면목 7 동,3130110.0,면목골목시장(면목시장),전통시장,60053.0
중랑구,면목본동,3130111.0,"동원전통종합시장 (동원시장, 동원전통시장 상점가)",전통시장,90850.0
중랑구,면목 3·8 동,3130112.0,사가정시장,전통시장,59114.0
중랑구,신내 2 동,3130113.0,신아타운,전통시장,5817.0
중랑구,망우 3 동,3130114.0,유영시장,전통시장,5784.0
중랑구,망우본동,3130115.0,우림골목시장,전통시장,78310.0
중랑구,신내 1 동,3130116.0,동성타워프라자,전통시장,4108.0
성북구,정릉 3 동,3130117.0,정릉시장,전통시장,53318.0
성북구,정릉 4 동,3130118.0,정릉골 골목형상점가,전통시장,26683.0
성북구,정릉 2 동,3130119.0,정릉아리랑시장,전통시장,23266.0
성북구,삼선동,3130120.0,돈암시장(돈암제일시장),전통시장,20332.0
성북구,길음 1 동,3130121.0,길음시장,전통시장,7946.0
성북구,월곡 1 동,3130122.0,밤나무골시장,전통시장,6751.0
성북구,장위 1 동,3130123.0,꿈의숲 장곡 골목형상점가,전통시장,12762.0
성북구,장위 3 동,3130124.0,번동시장,전통시장,7426.0
성북구,장위 2 동,3130125.0,장위전통시장,전통시장,58889.0
성북구,석관동,3130126.0,새석관시장,전통시장,7327.0
성북구,석관동,3130127.0,석관시장,전통시장,7879.0
성북구,석관동,3130128.0,돌곶이시장(석관황금시장),전통시장,48175.0
강북구,우이동,3130129.0,장미원골목시장,전통시장,43525.0
강북구,인수동,3130130.0,수유북부골목시장,전통시장,4552.0
강북구,삼양동,3130131.0,동북프라자,전통시장,8454.0
강북구,삼양동,3130132.0,삼양골목시장(삼양시장),전통시장,47564.0
강북구,삼각산동,3130134.0,"솔샘시장(미아 6,7 동골목시장)",전통시장,21168.0
강북구,송천동,3130140.0,숭인시장,전통시장,32450.0
강북구,송중동,3130143.0,방천골목시장,전통시장,20242.0
도봉구,쌍문 1 동,3130144.0,백운시장,전통시장,16119.0
도봉구,쌍문 3 동,3130145.0,쌍문역둘리상점가,전통시장,32420.0
도봉구,쌍문 3 동,3130146.0,쌍문시장(쌍문역골목시장),전통시장,108994.0
도봉구,창 1 동,3130147.0,쌍문역동측상점가,전통시장,33857.0
도봉구,방학 2 동,3130148.0,방학동도깨비시장,전통시장,42546.0
도봉구,창 2 동,3130149.0,창동신창시장,전통시장,58415.0
도봉구,창 3 동,3130150.0,창동골목시장,전통시장,39982.0
도봉구,도봉 1 동,3130151.0,신도봉시장,전통시장,8485.0
도봉구,도봉 2 동,3130152.0,오!도봉거리 상점가,전통시장,24434.0
도봉구,창 4 동,3130153.0,창동역상점가,전통시장,33628.0
노원구,상계 6·7 동,3130154.0,상계주공 1 단지(가)상가,전통시장,6758.0
노원구,중계 2·3 동,3130155.0,"시영 B 상가
(중계 그린아파트 B 상가)",전통시장,8516.0
노원구,중계 2·3 동,3130156.0,"시영 2 단지 무지개종합상가
(중계 무지개 2 단지아파트상가)",전통시장,15764.0
노원구,상계 2 동,3130157.0,상계중앙시장,전통시장,52463.0
노원구,상계 5 동,3130158.0,상계역전종합상가,전통시장,11940.0
노원구,공릉 1 동,3130159.0,공릉동 도깨비시장,전통시장,57720.0
은평구,수색동,3130160.0,수일시장,전통시장,11753.0
은평구,증산동,3130161.0,증산종합시장,전통시장,8072.0
은평구,증산동,3130162.0,증산골목시장,전통시장,7969.0
은평구,응암 3 동,3130163.0,응암오거리상점가,전통시장,53602.0
은평구,갈현 2 동,3130164.0,역촌중앙시장,전통시장,5144.0
은평구,응암 3 동,3130165.0,"대림골목시장(대림시장, 양지시장)",전통시장,25330.0
은평구,응암 2 동,3130166.0,응암시장(신응암시장),전통시장,8255.0
은평구,갈현 1 동,3130167.0,연신내상점가(연빛거리),전통시장,100156.0
은평구,불광 2 동,3130168.0,연서시장,전통시장,21658.0
은평구,대조동,3130169.0,대조시장,전통시장,54016.0
은평구,대조동,3130170.0,제일시장,전통시장,21253.0
은평구,불광 1 동,3130171.0,불광먹자골목 골목형상점가,전통시장,45981.0
서대문구,남가좌 1 동,3130172.0,모래내시장(서중시장),전통시장,24841.0
서대문구,남가좌 2 동,3130173.0,백련시장,전통시장,2130.0
서대문구,연희동,3130174.0,연희사러가,전통시장,4763.0
서대문구,신촌동,3130175.0,신촌 상인회(신촌상점가),전통시장,6147.0
서대문구,홍은 1 동,3130176.0,유진상가,전통시장,18531.0
서대문구,홍제 3 동,3130177.0,인왕시장(홍제골목형상점가),전통시장,22776.0
서대문구,신촌동,3130178.0,이대 앞 스타트업 상점가,전통시장,7526.0
서대문구,신촌동,3130179.0,"이화여대 3,5,7 길 상점가",전통시장,55638.0
서대문구,홍은 1 동,3130180.0,포방터시장,전통시장,28614.0
서대문구,북아현동,3130181.0,아현가구거리상점가,전통시장,45816.0
서대문구,천연동,3130182.0,영천시장,전통시장,41803.0
마포구,상암동,3130183.0,상암동상점가,전통시장,127514.0
마포구,성산 2 동,3130184.0,마포농수산물시장,전통시장,217669.0
마포구,망원 2 동,3130185.0,망원월드컵시장,전통시장,30025.0
마포구,망원 1 동,3130186.0,망원시장,전통시장,42916.0
마포구,서교동,3130187.0,영진시장,전통시장,6512.0
마포구,합정동,3130188.0,합정시장,전통시장,1869.0
마포구,서교동,3130189.0,서교시장,전통시장,5460.0
마포구,서교동,3130190.0,홍대소상공인상점가,전통시장,35891.0
마포구,서교동,3130191.0,홍대 걷고싶은 거리,전통시장,58130.0
마포구,연남동,3130192.0,동진시장,전통시장,4091.0
마포구,신수동,3130193.0,신수시장,전통시장,6691.0
마포구,용강동,3130194.0,용강동 상점가,전통시장,54198.0
마포구,도화동,3130195.0,도화동 상점가,전통시장,101880.0
마포구,아현동,3130196.0,공덕시장,전통시장,7426.0
마포구,아현동,3130197.0,마포시장,전통시장,9701.0
마포구,아현동,3130198.0,아현시장,전통시장,27671.0
양천구,신월 3 동,3130199.0,신월 3 동 골목시장,전통시장,21147.0
양천구,신월 7 동,3130200.0,"신월 7 동 골목시장
(약수시장, 우성상가)",전통시장,13685.0
양천구,신월 1 동,3130201.0,월정로시장,전통시장,34925.0
양천구,신월 1 동,3130202.0,신영시장,전통시장,45406.0
양천구,신월 1 동,3130203.0,서서울 골목형상점가,전통시장,20663.0
양천구,신월 2 동,3130204.0,경창시장,전통시장,31087.0
양천구,신월 6 동,3130205.0,신곡종합시장(신월 6 동 골목시장),전통시장,20768.0
양천구,신정 3 동,3130206.0,신정 3 동 골목시장,전통시장,4699.0
양천구,신정 1 동,3130207.0,신정 1 동 골목시장(신정제일시장),전통시장,15853.0
양천구,목 3 동,3130208.0,목동깨비시장(목 3 동시장),전통시장,52508.0
양천구,목 4 동,3130209.0,목사랑시장(목 4 동시장),전통시장,35003.0
양천구,목 2 동,3130210.0,목 2 동시장,전통시장,42782.0
양천구,신정 2 동,3130211.0,신정 2 동 골목시장(오목교중앙시장),전통시장,21996.0
강서구,방화 2 동,3130212.0,공항시장,전통시장,25563.0
강서구,방화 1 동,3130213.0,방신전통시장,전통시장,18960.0
강서구,발산 1 동,3130214.0,송화벽화시장(송화골목시장),전통시장,30423.0
강서구,화곡 3 동,3130215.0,대원종합시장,전통시장,3092.0
강서구,화곡 1 동,3130216.0,화곡중앙시장,전통시장,34409.0
강서구,화곡본동,3130217.0,화곡본동시장,전통시장,21265.0
강서구,등촌 3 동,3130218.0,신월중앙시장,전통시장,6449.0
강서구,화곡 8 동,3130219.0,까치산시장,전통시장,39544.0
강서구,등촌 1 동,3130220.0,등마루시장,전통시장,14496.0
강서구,화곡 4 동,3130221.0,"남부골목시장(남부화곡시장,
남부시장)",전통시장,81027.0
구로구,오류 1 동,3130222.0,오류시장,전통시장,20163.0
구로구,고척 2 동,3130223.0,고척근린시장,전통시장,29145.0
구로구,고척 2 동,3130224.0,개봉프라자(고척근린시장),전통시장,2954.0
구로구,개봉 2 동,3130225.0,개봉중앙시장,전통시장,79713.0
구로구,고척 1 동,3130226.0,고척프라자,전통시장,6013.0
구로구,고척 1 동,3130227.0,고척골목시장상점가(그라운드 고척),전통시장,17693.0
구로구,구로 4 동,3130228.0,구로시장,전통시장,13770.0
구로구,구로 2 동,3130229.0,남구로시장,전통시장,45490.0
구로구,가리봉동,3130230.0,가리봉시장,전통시장,20139.0
금천구,독산 1 동,3130231.0,독산동 우시장,전통시장,63392.0
금천구,독산 4 동,3130232.0,"독산동 맛나는거리상점가
(독산동 맛나는거리)",전통시장,29410.0
금천구,독산 3 동,3130233.0,남문시장,전통시장,48355.0
금천구,독산 3 동,3130234.0,푸른터시장(기능상실),전통시장,6342.0
금천구,시흥 1 동,3130235.0,대명여울빛거리시장(대명시장),전통시장,51350.0
금천구,시흥 1 동,3130236.0,비단길현대시장(현대시장),전통시장,71349.0
금천구,시흥 3 동,3130237.0,박미시장(기능상실),전통시장,7798.0
금천구,시흥 5 동,3130238.0,은행나무시장,전통시장,36517.0
영등포구,양평 1 동,3130239.0,양남시장,전통시장,2975.0
영등포구,당산 1 동,3130240.0,영등포유통상가,전통시장,47667.0
영등포구,양평 2 동,3130241.0,선유도역 골목형상점가,전통시장,73950.0
영등포구,대림 2 동,3130242.0,대림중앙 골목형상점가,전통시장,19474.0
영등포구,도림동,3130243.0,도림시장,전통시장,5598.0
영등포구,대림 2 동,3130244.0,대림중앙시장,전통시장,47326.0
영등포구,문래동,3130245.0,영일시장,전통시장,60601.0
영등포구,당산 1 동,3130246.0,영등포청과시장(조광시장),전통시장,96522.0
영등포구,대림 1 동,3130247.0,우리시장,전통시장,16285.0
영등포구,영등포본동,3130248.0,영등포역지하도상점가,전통시장,154926.0
영등포구,영등포동,3130249.0,동남상가,전통시장,1854.0
영등포구,영등포동,3130250.0,삼구시장(로타리상가),전통시장,5729.0
영등포구,영등포동,3130253.0,영신상가(제일상가),전통시장,5196.0
영등포구,영등포동,3130254.0,남서울상가,전통시장,3391.0
영등포구,영등포동,3130255.0,영등포전통시장,전통시장,55174.0
영등포구,신길 3 동,3130256.0,신동시장,전통시장,4593.0
영등포구,영등포동,3130257.0,영등포시장기계공구상가,전통시장,39289.0
영등포구,신길 6 동,3130258.0,영진시장 A 동,전통시장,6326.0
영등포구,신길 1 동,3130259.0,대신시장,전통시장,8116.0
동작구,신대방 1 동,3130260.0,신대방 1 동골목상권,전통시장,21868.0
동작구,상도 3 동,3130261.0,성대전통시장(성대시장),전통시장,53092.0
동작구,상도 2 동,3130262.0,상도도깨비 골목형상점가,전통시장,23166.0
동작구,노량진 2 동,3130263.0,신노량진시장(기능상실),전통시장,13242.0
동작구,상도 4 동,3130264.0,상도약수골목형상점가,전통시장,15512.0
동작구,노량진 1 동,3130265.0,노량진중앙시장,전통시장,10864.0
동작구,노량진 1 동,3130266.0,만양로상점가,전통시장,4662.0
동작구,노량진 1 동,3130267.0,본동인정시장(기능상실),전통시장,24321.0
동작구,상도 1 동,3130268.0,상도전통시장,전통시장,48100.0
동작구,상도 1 동,3130269.0,강남시장(동작구 강남시장),전통시장,2889.0
동작구,흑석동,3130270.0,흑석시장,전통시장,2989.0
동작구,사당 4 동,3130271.0,남성역골목시장,전통시장,29047.0
동작구,사당 4 동,3130272.0,사당시장,전통시장,5844.0
동작구,사당 2 동,3130273.0,남성사계시장(남성시장),전통시장,43008.0
동작구,사당 1 동,3130274.0,"사당 1 동먹자골목상점가
(사당 1 동먹자골목)",전통시장,40304.0
관악구,조원동,3130275.0,강남골목시장,전통시장,14823.0
관악구,조원동,3130276.0,"신림중앙시장
(조원동 펭귄시장)",전통시장,7150.0
관악구,조원동,3130277.0,"조원동 펭귄시장
(신림중앙시장)",전통시장,32672.0
관악구,미성동,3130278.0,미성동 도깨비시장 골목형상점가,전통시장,24874.0
관악구,신사동,3130279.0,관악신사시장,전통시장,49986.0
관악구,신사동,3130280.0,신림종합시장,전통시장,8761.0
관악구,난곡동,3130281.0,우림시장,전통시장,6466.0
관악구,난곡동,3130282.0,난곡 골목형상점가,전통시장,11565.0
관악구,신원동,3130283.0,신원시장,전통시장,26568.0
관악구,신원동,3130284.0,관악종합시장(신원시장),전통시장,2721.0
관악구,서원동,3130285.0,서원동상점가,전통시장,60026.0
관악구,삼성동,3130286.0,신신림시장(삼성동시장),전통시장,4126.0
관악구,삼성동,3130287.0,삼성동 시장(삼성동시장),전통시장,13340.0
관악구,서림동,3130288.0,신림현대종합상가,전통시장,3964.0
관악구,은천동,3130289.0,봉일시장,전통시장,4844.0
관악구,청룡동,3130290.0,영림시장,전통시장,72197.0
관악구,청룡동,3130291.0,봉천제일종합시장,전통시장,3079.0
관악구,은천동,3130292.0,봉천현대시장,전통시장,5418.0
관악구,중앙동,3130293.0,봉천중앙시장,전통시장,17101.0
관악구,행운동,3130294.0,관악중부시장,전통시장,27900.0
관악구,인헌동,3130295.0,인헌시장(원당종합시장),전통시장,42171.0
서초구,방배본동,3130296.0,남부종합시장,전통시장,6658.0
서초구,양재 1 동,3130301.0,양재시장,전통시장,8409.0
강남구,신사동,3130302.0,강남시장(강남구 강남시장),전통시장,3961.0
강남구,논현 1 동,3130303.0,영동전통시장,전통시장,39097.0
강남구,압구정동,3130304.0,신사상가,전통시장,2739.0
강남구,논현 2 동,3130305.0,논현종합시장,전통시장,6787.0
강남구,역삼 1 동,3130306.0,강남언주로,전통시장,22922.0
강남구,역삼 2 동,3130307.0,도곡시장,전통시장,7462.0
강남구,청담동,3130308.0,청담삼익시장,전통시장,7529.0
강남구,대치 2 동,3130309.0,은마종합상점가,전통시장,30661.0
강남구,개포 2 동,3130310.0,강남개포시장,전통시장,25364.0
송파구,잠실본동,3130311.0,새마을시장,전통시장,79375.0
송파구,석촌동,3130312.0,석촌시장,전통시장,46711.0
송파구,방이 2 동,3130313.0,방이시장,전통시장,143645.0
송파구,풍납 1 동,3130314.0,풍납시장,전통시장,120813.0
송파구,문정 1 동,3130315.0,"문정동 로데오거리 상점가
(문정동 로데오거리)",전통시장,75829.0
송파구,마천 2 동,3130316.0,마천시장,전통시장,9557.0
송파구,마천 2 동,3130317.0,마천중앙시장,전통시장,33745.0
강동구,천호 2 동,3130318.0,로데오거리상점가,전통시장,56564.0
강동구,성내 2 동,3130319.0,성내전통시장,전통시장,31651.0
강동구,암사 1 동,3130320.0,암사종합시장,전통시장,37201.0
강동구,성내 1 동,3130321.0,장신구 특화거리 상점가,전통시장,38487.0
강동구,천호 3 동,3130322.0,고분다리전통시장,전통시장,20499.0
강동구,성내 3 동,3130323.0,둔촌역전통시장,전통시장,36613.0
강동구,길동,3130324.0,길동복조리시장,전통시장,29464.0
강동구,명일 1 동,3130325.0,명일전통시장,전통시장,27547.0
강동구,고덕 2 동,3130326.0,고덕 골목형상점가,전통시장,29082.0
중구,신당동,3130327.0,"평화시장 (남평화시장, 제일평화시장,
신평화패션타운)",전통시장,36213.0
